Frame No.,Frame Time,GPS Time,Latitude,Longitude
199,19:44:20,19:44:19,32.704536,-117.2272755
200,19:44:20,19:44:19,32.704536,-117.2272755
201,19:44:20,19:44:19,32.704536,-117.2272755
202,19:44:20,19:44:19,32.704536,-117.2272755
203,19:44:20,19:44:19,32.704536,-117.2272755
204,19:44:20,19:44:19,32.704536,-117.2272755
205,19:44:20,19:44:19,32.704536,-117.2272755
206,19:44:20,19:44:19,32.704536,-117.2272755
207,19:44:20,19:44:19,32.704536,-117.2272755
208,19:44:20,19:44:19,32.704536,-117.2272755
209,19:44:20,19:44:19,32.704536,-117.2272755
210,19:44:20,19:44:19,32.704536,-117.2272755
211,19:44:20,19:44:19,32.704536,-117.2272755
212,19:44:20,19:44:19,32.704536,-117.2272755
213,19:44:20,19:44:19,32.704536,-117.2272755
214,19:44:20,19:44:19,32.704536,-117.2272755
215,19:44:20,19:44:19,32.704536,-117.2272755
216,19:44:20,19:44:19,32.704536,-117.2272755
217,19:44:20,19:44:19,32.704536,-117.2272755
218,19:44:20,19:44:19,32.704536,-117.2272755
219,19:44:20,19:44:19,32.704536,-117.2272755
220,19:44:20,19:44:19,32.704536,-117.2272755
221,19:44:20,19:44:19,32.704536,-117.2272755
222,19:44:20,19:44:19,32.704536,-117.2272755
223,19:44:20,19:44:19,32.704536,-117.2272755
224,19:44:20,19:44:19,32.704536,-117.2272755
225,19:44:20,19:44:19,32.704536,-117.2272755
226,19:44:20,19:44:19,32.704536,-117.2272755
227,19:44:20,19:44:19,32.704536,-117.2272755
228,19:44:20,19:44:19,32.704536,-117.2272755
229,19:44:20,19:44:19,32.704536,-117.2272755
230,19:44:20,19:44:19,32.704536,-117.2272755
231,19:44:20,19:44:19,32.704536,-117.2272755
232,19:44:20,19:44:19,32.704536,-117.2272755
233,19:44:20,19:44:19,32.704536,-117.2272755
234,19:44:20,19:44:19,32.704536,-117.2272755
235,19:44:20,19:44:19,32.704536,-117.2272755
236,19:44:20,19:44:19,32.704536,-117.2272755
237,19:44:20,19:44:19,32.704536,-117.2272755
238,19:44:20,19:44:19,32.704536,-117.2272755
239,19:44:20,19:44:19,32.704536,-117.2272755
240,19:44:20,19:44:19,32.704536,-117.2272755
241,19:44:20,19:44:19,32.704536,-117.2272755
242,19:44:20,19:44:19,32.704536,-117.2272755
243,19:44:20,19:44:19,32.704536,-117.2272755
244,19:44:20,19:44:19,32.704536,-117.2272755
245,19:44:20,19:44:19,32.704536,-117.2272755
246,19:44:20,19:44:19,32.704536,-117.2272755
247,19:44:20,19:44:19,32.704536,-117.2272755
248,19:44:20,19:44:19,32.704536,-117.2272755
249,19:44:20,19:44:19,32.704536,-117.2272755
250,19:44:20,19:44:19,32.704536,-117.2272755
251,19:44:20,19:44:19,32.704536,-117.2272755
252,19:44:20,19:44:19,32.704536,-117.2272755
253,19:44:20,19:44:19,32.704536,-117.2272755
254,19:44:20,19:44:19,32.704536,-117.2272755
255,19:44:20,19:44:19,32.704536,-117.2272755
256,19:44:20,19:44:19,32.704536,-117.2272755
257,19:44:20,19:44:19,32.704536,-117.2272755
258,19:44:20,19:44:19,32.704536,-117.2272755
259,19:44:20,19:44:19,32.704536,-117.2272755
260,19:44:20,19:44:19,32.704536,-117.2272755
261,19:44:20,19:44:19,32.704536,-117.2272755
262,19:44:20,19:44:19,32.704536,-117.2272755
263,19:44:20,19:44:19,32.704536,-117.2272755
264,19:44:20,19:44:19,32.704536,-117.2272755
265,19:44:20,19:44:19,32.704536,-117.2272755
266,19:44:20,19:44:19,32.704536,-117.2272755
267,19:44:20,19:44:19,32.704536,-117.2272755
268,19:44:20,19:44:19,32.704536,-117.2272755
269,19:44:20,19:44:19,32.704536,-117.2272755
270,19:44:20,19:44:19,32.704536,-117.2272755
271,19:44:20,19:44:19,32.704536,-117.2272755
272,19:44:20,19:44:19,32.704536,-117.2272755
273,19:44:20,19:44:19,32.704536,-117.2272755
274,19:44:20,19:44:19,32.704536,-117.2272755
275,19:44:20,19:44:19,32.704536,-117.2272755
276,19:44:20,19:44:19,32.704536,-117.2272755
277,19:44:20,19:44:19,32.704536,-117.2272755
278,19:44:20,19:44:19,32.704536,-117.2272755
279,19:44:20,19:44:19,32.704536,-117.2272755
280,19:44:20,19:44:19,32.704536,-117.2272755
281,19:44:20,19:44:19,32.704536,-117.2272755
282,19:44:20,19:44:19,32.704536,-117.2272755
283,19:44:20,19:44:19,32.704536,-117.2272755
284,19:44:20,19:44:19,32.704536,-117.2272755
285,19:44:20,19:44:19,32.704536,-117.2272755
286,19:44:20,19:44:19,32.704536,-117.2272755
287,19:44:20,19:44:19,32.704536,-117.2272755
288,19:44:20,19:44:19,32.704536,-117.2272755
289,19:44:20,19:44:19,32.704536,-117.2272755
290,19:44:20,19:44:19,32.704536,-117.2272755
291,19:44:20,19:44:19,32.704536,-117.2272755
292,19:44:20,19:44:19,32.704536,-117.2272755
293,19:44:20,19:44:19,32.704536,-117.2272755
294,19:44:20,19:44:19,32.704536,-117.2272755
295,19:44:20,19:44:19,32.704536,-117.2272755
296,19:44:20,19:44:19,32.704536,-117.2272755
297,19:44:20,19:44:19,32.704536,-117.2272755
298,19:44:20,19:44:19,32.704536,-117.2272755
299,19:44:20,19:44:19,32.704536,-117.2272755
300,19:44:20,19:44:19,32.704536,-117.2272755
301,19:44:20,19:44:19,32.704536,-117.2272755
302,19:44:20,19:44:19,32.704536,-117.2272755
303,19:44:20,19:44:19,32.704536,-117.2272755
304,19:44:20,19:44:19,32.704536,-117.2272755
305,19:44:20,19:44:19,32.704536,-117.2272755
306,19:44:25,19:44:26,32.7043875,-117.227862
307,19:44:25,19:44:26,32.7043875,-117.227862
308,19:44:25,19:44:26,32.7043875,-117.227862
309,19:44:25,19:44:26,32.7043875,-117.227862
310,19:44:25,19:44:26,32.7043875,-117.227862
311,19:44:25,19:44:26,32.7043875,-117.227862
312,19:44:25,19:44:26,32.7043875,-117.227862
313,19:44:25,19:44:26,32.7043875,-117.227862
314,19:44:25,19:44:26,32.7043875,-117.227862
315,19:44:25,19:44:26,32.7043875,-117.227862
316,19:44:25,19:44:26,32.7043875,-117.227862
317,19:44:25,19:44:26,32.7043875,-117.227862
318,19:44:25,19:44:26,32.7043875,-117.227862
319,19:44:25,19:44:26,32.7043875,-117.227862
320,19:44:25,19:44:26,32.7043875,-117.227862
321,19:44:25,19:44:26,32.7043875,-117.227862
322,19:44:25,19:44:26,32.7043875,-117.227862
323,19:44:25,19:44:26,32.7043875,-117.227862
324,19:44:25,19:44:26,32.7043875,-117.227862
325,19:44:25,19:44:26,32.7043875,-117.227862
326,19:44:25,19:44:26,32.7043875,-117.227862
327,19:44:25,19:44:26,32.7043875,-117.227862
328,19:44:25,19:44:26,32.7043875,-117.227862
329,19:44:25,19:44:26,32.7043875,-117.227862
330,19:44:25,19:44:26,32.7043875,-117.227862
331,19:44:25,19:44:26,32.7043875,-117.227862
332,19:44:25,19:44:26,32.7043875,-117.227862
333,19:44:25,19:44:26,32.7043875,-117.227862
334,19:44:25,19:44:26,32.7043875,-117.227862
335,19:44:25,19:44:26,32.7043875,-117.227862
336,19:44:25,19:44:26,32.7043875,-117.227862
337,19:44:25,19:44:26,32.7043875,-117.227862
338,19:44:25,19:44:26,32.7043875,-117.227862
339,19:44:25,19:44:26,32.7043875,-117.227862
340,19:44:25,19:44:26,32.7043875,-117.227862
341,19:44:25,19:44:26,32.7043875,-117.227862
342,19:44:25,19:44:26,32.7043875,-117.227862
343,19:44:25,19:44:26,32.7043875,-117.227862
344,19:44:25,19:44:26,32.7043875,-117.227862
345,19:44:25,19:44:26,32.7043875,-117.227862
346,19:44:25,19:44:26,32.7043875,-117.227862
347,19:44:25,19:44:26,32.7043875,-117.227862
348,19:44:25,19:44:26,32.7043875,-117.227862
349,19:44:25,19:44:26,32.7043875,-117.227862
350,19:44:25,19:44:26,32.7043875,-117.227862
351,19:44:25,19:44:26,32.7043875,-117.227862
352,19:44:25,19:44:26,32.7043875,-117.227862
353,19:44:25,19:44:26,32.7043875,-117.227862
354,19:44:25,19:44:26,32.7043875,-117.227862
355,19:44:25,19:44:26,32.7043875,-117.227862
356,19:44:25,19:44:26,32.7043875,-117.227862
357,19:44:25,19:44:26,32.7043875,-117.227862
358,19:44:25,19:44:26,32.7043875,-117.227862
359,19:44:25,19:44:26,32.7043875,-117.227862
360,19:44:25,19:44:26,32.7043875,-117.227862
361,19:44:25,19:44:26,32.7043875,-117.227862
362,19:44:25,19:44:26,32.7043875,-117.227862
363,19:44:25,19:44:26,32.7043875,-117.227862
364,19:44:25,19:44:26,32.7043875,-117.227862
365,19:44:25,19:44:26,32.7043875,-117.227862
366,19:44:25,19:44:26,32.7043875,-117.227862
367,19:44:25,19:44:26,32.7043875,-117.227862
368,19:44:25,19:44:26,32.7043875,-117.227862
369,19:44:25,19:44:26,32.7043875,-117.227862
370,19:44:25,19:44:26,32.7043875,-117.227862
371,19:44:25,19:44:26,32.7043875,-117.227862
372,19:44:25,19:44:26,32.7043875,-117.227862
373,19:44:25,19:44:26,32.7043875,-117.227862
374,19:44:25,19:44:26,32.7043875,-117.227862
375,19:44:25,19:44:26,32.7043875,-117.227862
376,19:44:25,19:44:26,32.7043875,-117.227862
377,19:44:25,19:44:26,32.7043875,-117.227862
378,19:44:25,19:44:26,32.7043875,-117.227862
379,19:44:25,19:44:26,32.7043875,-117.227862
380,19:44:25,19:44:26,32.7043875,-117.227862
381,19:44:25,19:44:26,32.7043875,-117.227862
382,19:44:25,19:44:26,32.7043875,-117.227862
383,19:44:25,19:44:26,32.7043875,-117.227862
384,19:44:25,19:44:26,32.7043875,-117.227862
385,19:44:25,19:44:26,32.7043875,-117.227862
386,19:44:25,19:44:26,32.7043875,-117.227862
387,19:44:25,19:44:26,32.7043875,-117.227862
388,19:44:25,19:44:26,32.7043875,-117.227862
389,19:44:25,19:44:26,32.7043875,-117.227862
390,19:44:25,19:44:26,32.7043875,-117.227862
391,19:44:25,19:44:26,32.7043875,-117.227862
392,19:44:25,19:44:26,32.7043875,-117.227862
393,19:44:25,19:44:26,32.7043875,-117.227862
394,19:44:25,19:44:26,32.7043875,-117.227862
395,19:44:25,19:44:26,32.7043875,-117.227862
396,19:44:25,19:44:26,32.7043875,-117.227862
397,19:44:25,19:44:26,32.7043875,-117.227862
398,19:44:25,19:44:26,32.7043875,-117.227862
399,19:44:25,19:44:26,32.7043875,-117.227862
400,19:44:25,19:44:26,32.7043875,-117.227862
401,19:44:25,19:44:26,32.7043875,-117.227862
402,19:44:25,19:44:26,32.7043875,-117.227862
403,19:44:25,19:44:26,32.7043875,-117.227862
404,19:44:25,19:44:26,32.7043875,-117.227862
405,19:44:25,19:44:26,32.7043875,-117.227862
406,19:44:25,19:44:26,32.7043875,-117.227862
407,19:44:25,19:44:26,32.7043875,-117.227862
408,19:44:25,19:44:26,32.7043875,-117.227862
409,19:44:25,19:44:26,32.7043875,-117.227862
410,19:44:25,19:44:26,32.7043875,-117.227862
411,19:44:25,19:44:26,32.7043875,-117.227862
412,19:44:30,19:44:26,32.7043875,-117.227862
413,19:44:30,19:44:26,32.7043875,-117.227862
414,19:44:30,19:44:26,32.7043875,-117.227862
415,19:44:30,19:44:26,32.7043875,-117.227862
416,19:44:30,19:44:26,32.7043875,-117.227862
417,19:44:30,19:44:26,32.7043875,-117.227862
418,19:44:30,19:44:26,32.7043875,-117.227862
419,19:44:30,19:44:26,32.7043875,-117.227862
420,19:44:30,19:44:26,32.7043875,-117.227862
421,19:44:30,19:44:26,32.7043875,-117.227862
422,19:44:30,19:44:26,32.7043875,-117.227862
423,19:44:30,19:44:26,32.7043875,-117.227862
424,19:44:30,19:44:26,32.7043875,-117.227862
425,19:44:30,19:44:26,32.7043875,-117.227862
426,19:44:30,19:44:26,32.7043875,-117.227862
427,19:44:30,19:44:26,32.7043875,-117.227862
428,19:44:30,19:44:26,32.7043875,-117.227862
429,19:44:30,19:44:26,32.7043875,-117.227862
430,19:44:30,19:44:26,32.7043875,-117.227862
431,19:44:30,19:44:26,32.7043875,-117.227862
432,19:44:30,19:44:26,32.7043875,-117.227862
433,19:44:30,19:44:26,32.7043875,-117.227862
434,19:44:30,19:44:26,32.7043875,-117.227862
435,19:44:30,19:44:26,32.7043875,-117.227862
436,19:44:30,19:44:26,32.7043875,-117.227862
437,19:44:30,19:44:26,32.7043875,-117.227862
438,19:44:30,19:44:26,32.7043875,-117.227862
439,19:44:30,19:44:26,32.7043875,-117.227862
440,19:44:30,19:44:26,32.7043875,-117.227862
441,19:44:30,19:44:26,32.7043875,-117.227862
442,19:44:30,19:44:26,32.7043875,-117.227862
443,19:44:30,19:44:26,32.7043875,-117.227862
444,19:44:30,19:44:26,32.7043875,-117.227862
445,19:44:30,19:44:26,32.7043875,-117.227862
446,19:44:30,19:44:26,32.7043875,-117.227862
447,19:44:30,19:44:26,32.7043875,-117.227862
448,19:44:30,19:44:26,32.7043875,-117.227862
449,19:44:30,19:44:26,32.7043875,-117.227862
450,19:44:30,19:44:26,32.7043875,-117.227862
451,19:44:30,19:44:26,32.7043875,-117.227862
452,19:44:30,19:44:26,32.7043875,-117.227862
453,19:44:30,19:44:26,32.7043875,-117.227862
454,19:44:30,19:44:26,32.7043875,-117.227862
455,19:44:30,19:44:26,32.7043875,-117.227862
456,19:44:30,19:44:26,32.7043875,-117.227862
457,19:44:30,19:44:26,32.7043875,-117.227862
458,19:44:30,19:44:26,32.7043875,-117.227862
459,19:44:30,19:44:26,32.7043875,-117.227862
460,19:44:30,19:44:26,32.7043875,-117.227862
461,19:44:30,19:44:26,32.7043875,-117.227862
462,19:44:30,19:44:26,32.7043875,-117.227862
463,19:44:30,19:44:26,32.7043875,-117.227862
464,19:44:30,19:44:26,32.7043875,-117.227862
465,19:44:30,19:44:26,32.7043875,-117.227862
466,19:44:30,19:44:26,32.7043875,-117.227862
467,19:44:30,19:44:26,32.7043875,-117.227862
468,19:44:30,19:44:26,32.7043875,-117.227862
469,19:44:30,19:44:26,32.7043875,-117.227862
470,19:44:30,19:44:26,32.7043875,-117.227862
471,19:44:30,19:44:26,32.7043875,-117.227862
472,19:44:30,19:44:26,32.7043875,-117.227862
473,19:44:30,19:44:26,32.7043875,-117.227862
474,19:44:30,19:44:26,32.7043875,-117.227862
475,19:44:30,19:44:26,32.7043875,-117.227862
476,19:44:30,19:44:26,32.7043875,-117.227862
477,19:44:30,19:44:26,32.7043875,-117.227862
478,19:44:30,19:44:26,32.7043875,-117.227862
479,19:44:30,19:44:26,32.7043875,-117.227862
480,19:44:30,19:44:26,32.7043875,-117.227862
481,19:44:30,19:44:26,32.7043875,-117.227862
482,19:44:30,19:44:26,32.7043875,-117.227862
483,19:44:30,19:44:26,32.7043875,-117.227862
484,19:44:30,19:44:26,32.7043875,-117.227862
485,19:44:30,19:44:26,32.7043875,-117.227862
486,19:44:30,19:44:26,32.7043875,-117.227862
487,19:44:30,19:44:26,32.7043875,-117.227862
488,19:44:30,19:44:26,32.7043875,-117.227862
489,19:44:30,19:44:26,32.7043875,-117.227862
490,19:44:30,19:44:26,32.7043875,-117.227862
491,19:44:30,19:44:26,32.7043875,-117.227862
492,19:44:30,19:44:26,32.7043875,-117.227862
493,19:44:30,19:44:26,32.7043875,-117.227862
494,19:44:30,19:44:26,32.7043875,-117.227862
495,19:44:30,19:44:26,32.7043875,-117.227862
496,19:44:30,19:44:26,32.7043875,-117.227862
497,19:44:30,19:44:26,32.7043875,-117.227862
498,19:44:30,19:44:26,32.7043875,-117.227862
499,19:44:30,19:44:26,32.7043875,-117.227862
500,19:44:30,19:44:26,32.7043875,-117.227862
501,19:44:30,19:44:26,32.7043875,-117.227862
502,19:44:30,19:44:26,32.7043875,-117.227862
503,19:44:30,19:44:26,32.7043875,-117.227862
504,19:44:30,19:44:26,32.7043875,-117.227862
505,19:44:30,19:44:26,32.7043875,-117.227862
506,19:44:30,19:44:26,32.7043875,-117.227862
507,19:44:30,19:44:26,32.7043875,-117.227862
508,19:44:30,19:44:26,32.7043875,-117.227862
509,19:44:30,19:44:26,32.7043875,-117.227862
510,19:44:30,19:44:26,32.7043875,-117.227862
511,19:44:30,19:44:26,32.7043875,-117.227862
512,19:44:30,19:44:26,32.7043875,-117.227862
513,19:44:30,19:44:26,32.7043875,-117.227862
514,19:44:30,19:44:26,32.7043875,-117.227862
621,19:44:40,19:44:37,32.704158833,-117.228879333
622,19:44:40,19:44:37,32.704158833,-117.228879333
623,19:44:40,19:44:37,32.704158833,-117.228879333
624,19:44:40,19:44:37,32.704158833,-117.228879333
625,19:44:40,19:44:37,32.704158833,-117.228879333
626,19:44:40,19:44:37,32.704158833,-117.228879333
627,19:44:40,19:44:37,32.704158833,-117.228879333
628,19:44:40,19:44:37,32.704158833,-117.228879333
629,19:44:40,19:44:37,32.704158833,-117.228879333
630,19:44:40,19:44:37,32.704158833,-117.228879333
631,19:44:40,19:44:37,32.704158833,-117.228879333
632,19:44:40,19:44:37,32.704158833,-117.228879333
633,19:44:40,19:44:37,32.704158833,-117.228879333
634,19:44:40,19:44:37,32.704158833,-117.228879333
635,19:44:40,19:44:37,32.704158833,-117.228879333
636,19:44:40,19:44:37,32.704158833,-117.228879333
637,19:44:40,19:44:37,32.704158833,-117.228879333
638,19:44:40,19:44:37,32.704158833,-117.228879333
639,19:44:40,19:44:37,32.704158833,-117.228879333
640,19:44:40,19:44:37,32.704158833,-117.228879333
641,19:44:40,19:44:37,32.704158833,-117.228879333
642,19:44:40,19:44:37,32.704158833,-117.228879333
643,19:44:40,19:44:37,32.704158833,-117.228879333
644,19:44:40,19:44:37,32.704158833,-117.228879333
645,19:44:40,19:44:37,32.704158833,-117.228879333
646,19:44:40,19:44:37,32.704158833,-117.228879333
647,19:44:40,19:44:37,32.704158833,-117.228879333
648,19:44:40,19:44:37,32.704158833,-117.228879333
649,19:44:40,19:44:37,32.704158833,-117.228879333
650,19:44:40,19:44:37,32.704158833,-117.228879333
651,19:44:40,19:44:37,32.704158833,-117.228879333
652,19:44:40,19:44:37,32.704158833,-117.228879333
653,19:44:40,19:44:37,32.704158833,-117.228879333
654,19:44:40,19:44:37,32.704158833,-117.228879333
655,19:44:40,19:44:37,32.704158833,-117.228879333
656,19:44:40,19:44:37,32.704158833,-117.228879333
657,19:44:40,19:44:37,32.704158833,-117.228879333
658,19:44:40,19:44:37,32.704158833,-117.228879333
659,19:44:40,19:44:37,32.704158833,-117.228879333
660,19:44:40,19:44:37,32.704158833,-117.228879333
661,19:44:40,19:44:37,32.704158833,-117.228879333
662,19:44:40,19:44:37,32.704158833,-117.228879333
663,19:44:40,19:44:37,32.704158833,-117.228879333
664,19:44:40,19:44:37,32.704158833,-117.228879333
665,19:44:40,19:44:37,32.704158833,-117.228879333
666,19:44:40,19:44:37,32.704158833,-117.228879333
667,19:44:40,19:44:37,32.704158833,-117.228879333
668,19:44:40,19:44:37,32.704158833,-117.228879333
669,19:44:40,19:44:37,32.704158833,-117.228879333
670,19:44:40,19:44:37,32.704158833,-117.228879333
671,19:44:40,19:44:37,32.704158833,-117.228879333
672,19:44:40,19:44:37,32.704158833,-117.228879333
673,19:44:40,19:44:37,32.704158833,-117.228879333
674,19:44:40,19:44:37,32.704158833,-117.228879333
675,19:44:40,19:44:37,32.704158833,-117.228879333
676,19:44:40,19:44:37,32.704158833,-117.228879333
677,19:44:40,19:44:37,32.704158833,-117.228879333
678,19:44:40,19:44:37,32.704158833,-117.228879333
679,19:44:40,19:44:37,32.704158833,-117.228879333
680,19:44:40,19:44:37,32.704158833,-117.228879333
681,19:44:40,19:44:37,32.704158833,-117.228879333
682,19:44:40,19:44:37,32.704158833,-117.228879333
683,19:44:40,19:44:37,32.704158833,-117.228879333
684,19:44:40,19:44:37,32.704158833,-117.228879333
685,19:44:40,19:44:37,32.704158833,-117.228879333
686,19:44:40,19:44:37,32.704158833,-117.228879333
687,19:44:40,19:44:37,32.704158833,-117.228879333
688,19:44:40,19:44:37,32.704158833,-117.228879333
689,19:44:40,19:44:37,32.704158833,-117.228879333
690,19:44:40,19:44:37,32.704158833,-117.228879333
691,19:44:40,19:44:37,32.704158833,-117.228879333
692,19:44:40,19:44:37,32.704158833,-117.228879333
693,19:44:40,19:44:37,32.704158833,-117.228879333
694,19:44:40,19:44:37,32.704158833,-117.228879333
695,19:44:40,19:44:37,32.704158833,-117.228879333
696,19:44:40,19:44:37,32.704158833,-117.228879333
697,19:44:40,19:44:37,32.704158833,-117.228879333
698,19:44:40,19:44:37,32.704158833,-117.228879333
699,19:44:40,19:44:37,32.704158833,-117.228879333
700,19:44:40,19:44:37,32.704158833,-117.228879333
701,19:44:40,19:44:37,32.704158833,-117.228879333
702,19:44:40,19:44:37,32.704158833,-117.228879333
703,19:44:40,19:44:37,32.704158833,-117.228879333
704,19:44:40,19:44:37,32.704158833,-117.228879333
705,19:44:40,19:44:37,32.704158833,-117.228879333
706,19:44:40,19:44:37,32.704158833,-117.228879333
707,19:44:40,19:44:37,32.704158833,-117.228879333
708,19:44:40,19:44:37,32.704158833,-117.228879333
709,19:44:40,19:44:37,32.704158833,-117.228879333
710,19:44:40,19:44:37,32.704158833,-117.228879333
711,19:44:40,19:44:37,32.704158833,-117.228879333
712,19:44:40,19:44:37,32.704158833,-117.228879333
713,19:44:40,19:44:37,32.704158833,-117.228879333
714,19:44:40,19:44:37,32.704158833,-117.228879333
715,19:44:40,19:44:37,32.704158833,-117.228879333
716,19:44:40,19:44:37,32.704158833,-117.228879333
717,19:44:40,19:44:37,32.704158833,-117.228879333
718,19:44:40,19:44:37,32.704158833,-117.228879333
719,19:44:40,19:44:37,32.704158833,-117.228879333
720,19:44:40,19:44:37,32.704158833,-117.228879333
721,19:44:40,19:44:37,32.704158833,-117.228879333
722,19:44:40,19:44:37,32.704158833,-117.228879333
723,19:44:40,19:44:37,32.704158833,-117.228879333
724,19:44:40,19:44:37,32.704158833,-117.228879333
725,19:44:40,19:44:37,32.704158833,-117.228879333
841,19:44:50,19:44:52,32.703738667,-117.230296333
842,19:44:50,19:44:52,32.703738667,-117.230296333
843,19:44:50,19:44:52,32.703738667,-117.230296333
844,19:44:50,19:44:52,32.703738667,-117.230296333
845,19:44:50,19:44:52,32.703738667,-117.230296333
846,19:44:50,19:44:52,32.703738667,-117.230296333
847,19:44:50,19:44:52,32.703738667,-117.230296333
848,19:44:50,19:44:52,32.703738667,-117.230296333
849,19:44:50,19:44:52,32.703738667,-117.230296333
850,19:44:50,19:44:52,32.703738667,-117.230296333
851,19:44:50,19:44:52,32.703738667,-117.230296333
852,19:44:50,19:44:52,32.703738667,-117.230296333
853,19:44:50,19:44:52,32.703738667,-117.230296333
854,19:44:50,19:44:52,32.703738667,-117.230296333
855,19:44:50,19:44:52,32.703738667,-117.230296333
856,19:44:50,19:44:52,32.703738667,-117.230296333
857,19:44:50,19:44:52,32.703738667,-117.230296333
858,19:44:50,19:44:52,32.703738667,-117.230296333
859,19:44:50,19:44:52,32.703738667,-117.230296333
860,19:44:50,19:44:52,32.703738667,-117.230296333
861,19:44:50,19:44:52,32.703738667,-117.230296333
862,19:44:50,19:44:52,32.703738667,-117.230296333
863,19:44:50,19:44:52,32.703738667,-117.230296333
864,19:44:50,19:44:52,32.703738667,-117.230296333
865,19:44:50,19:44:52,32.703738667,-117.230296333
866,19:44:50,19:44:52,32.703738667,-117.230296333
867,19:44:50,19:44:52,32.703738667,-117.230296333
868,19:44:50,19:44:52,32.703738667,-117.230296333
869,19:44:50,19:44:52,32.703738667,-117.230296333
870,19:44:50,19:44:52,32.703738667,-117.230296333
871,19:44:50,19:44:52,32.703738667,-117.230296333
872,19:44:50,19:44:52,32.703738667,-117.230296333
873,19:44:50,19:44:52,32.703738667,-117.230296333
874,19:44:50,19:44:52,32.703738667,-117.230296333
875,19:44:50,19:44:52,32.703738667,-117.230296333
876,19:44:50,19:44:52,32.703738667,-117.230296333
877,19:44:50,19:44:52,32.703738667,-117.230296333
878,19:44:50,19:44:52,32.703738667,-117.230296333
879,19:44:50,19:44:52,32.703738667,-117.230296333
880,19:44:50,19:44:52,32.703738667,-117.230296333
881,19:44:50,19:44:52,32.703738667,-117.230296333
882,19:44:50,19:44:52,32.703738667,-117.230296333
883,19:44:50,19:44:52,32.703738667,-117.230296333
884,19:44:50,19:44:52,32.703738667,-117.230296333
885,19:44:50,19:44:52,32.703738667,-117.230296333
886,19:44:50,19:44:52,32.703738667,-117.230296333
887,19:44:50,19:44:52,32.703738667,-117.230296333
888,19:44:50,19:44:52,32.703738667,-117.230296333
889,19:44:50,19:44:52,32.703738667,-117.230296333
890,19:44:50,19:44:52,32.703738667,-117.230296333
891,19:44:50,19:44:52,32.703738667,-117.230296333
892,19:44:50,19:44:52,32.703738667,-117.230296333
893,19:44:50,19:44:52,32.703738667,-117.230296333
894,19:44:50,19:44:52,32.703738667,-117.230296333
895,19:44:50,19:44:52,32.703738667,-117.230296333
896,19:44:50,19:44:52,32.703738667,-117.230296333
897,19:44:50,19:44:52,32.703738667,-117.230296333
898,19:44:50,19:44:52,32.703738667,-117.230296333
899,19:44:50,19:44:52,32.703738667,-117.230296333
900,19:44:50,19:44:52,32.703738667,-117.230296333
901,19:44:50,19:44:52,32.703738667,-117.230296333
902,19:44:50,19:44:52,32.703738667,-117.230296333
903,19:44:50,19:44:52,32.703738667,-117.230296333
904,19:44:50,19:44:52,32.703738667,-117.230296333
905,19:44:50,19:44:52,32.703738667,-117.230296333
906,19:44:50,19:44:52,32.703738667,-117.230296333
907,19:44:50,19:44:52,32.703738667,-117.230296333
908,19:44:50,19:44:52,32.703738667,-117.230296333
909,19:44:50,19:44:52,32.703738667,-117.230296333
910,19:44:50,19:44:52,32.703738667,-117.230296333
911,19:44:50,19:44:52,32.703738667,-117.230296333
912,19:44:50,19:44:52,32.703738667,-117.230296333
913,19:44:50,19:44:52,32.703738667,-117.230296333
914,19:44:50,19:44:52,32.703738667,-117.230296333
915,19:44:50,19:44:52,32.703738667,-117.230296333
916,19:44:50,19:44:52,32.703738667,-117.230296333
917,19:44:50,19:44:52,32.703738667,-117.230296333
918,19:44:50,19:44:52,32.703738667,-117.230296333
919,19:44:50,19:44:52,32.703738667,-117.230296333
920,19:44:50,19:44:52,32.703738667,-117.230296333
921,19:44:50,19:44:52,32.703738667,-117.230296333
922,19:44:50,19:44:52,32.703738667,-117.230296333
923,19:44:50,19:44:52,32.703738667,-117.230296333
924,19:44:50,19:44:52,32.703738667,-117.230296333
925,19:44:50,19:44:52,32.703738667,-117.230296333
926,19:44:50,19:44:52,32.703738667,-117.230296333
927,19:44:50,19:44:52,32.703738667,-117.230296333
928,19:44:50,19:44:52,32.703738667,-117.230296333
929,19:44:50,19:44:52,32.703738667,-117.230296333
930,19:44:50,19:44:52,32.703738667,-117.230296333
931,19:44:50,19:44:52,32.703738667,-117.230296333
932,19:44:50,19:44:52,32.703738667,-117.230296333
933,19:44:50,19:44:52,32.703738667,-117.230296333
934,19:44:50,19:44:52,32.703738667,-117.230296333
935,19:44:50,19:44:52,32.703738667,-117.230296333
936,19:44:50,19:44:52,32.703738667,-117.230296333
937,19:44:50,19:44:52,32.703738667,-117.230296333
938,19:44:50,19:44:52,32.703738667,-117.230296333
939,19:44:50,19:44:52,32.703738667,-117.230296333
940,19:44:50,19:44:52,32.703738667,-117.230296333
941,19:44:50,19:44:52,32.703738667,-117.230296333
942,19:44:50,19:44:52,32.703738667,-117.230296333
943,19:44:50,19:44:52,32.703738667,-117.230296333
944,19:44:50,19:44:52,32.703738667,-117.230296333
945,19:44:50,19:44:52,32.703738667,-117.230296333
946,19:44:50,19:44:52,32.703738667,-117.230296333
947,19:44:50,19:44:52,32.703738667,-117.230296333
948,19:44:50,19:44:52,32.703738667,-117.230296333
949,19:44:50,19:44:52,32.703738667,-117.230296333
950,19:44:50,19:44:52,32.703738667,-117.230296333
951,19:44:50,19:44:52,32.703738667,-117.230296333
952,19:44:50,19:44:52,32.703738667,-117.230296333
953,19:44:50,19:44:52,32.703738667,-117.230296333
954,19:44:50,19:44:52,32.703738667,-117.230296333
955,19:44:50,19:44:52,32.703738667,-117.230296333
956,19:44:50,19:44:52,32.703738667,-117.230296333
957,19:44:50,19:44:52,32.703738667,-117.230296333
958,19:44:50,19:44:52,32.703738667,-117.230296333
959,19:44:50,19:44:52,32.703738667,-117.230296333
960,19:44:50,19:44:52,32.703738667,-117.230296333
961,19:44:50,19:44:52,32.703738667,-117.230296333
962,19:44:50,19:44:52,32.703738667,-117.230296333
963,19:44:50,19:44:52,32.703738667,-117.230296333
964,19:44:55,19:44:52,32.703738667,-117.230296333
965,19:44:55,19:44:52,32.703738667,-117.230296333
966,19:44:55,19:44:52,32.703738667,-117.230296333
967,19:44:55,19:44:52,32.703738667,-117.230296333
968,19:44:55,19:44:52,32.703738667,-117.230296333
969,19:44:55,19:44:52,32.703738667,-117.230296333
970,19:44:55,19:44:52,32.703738667,-117.230296333
971,19:44:55,19:44:52,32.703738667,-117.230296333
972,19:44:55,19:44:52,32.703738667,-117.230296333
973,19:44:55,19:44:52,32.703738667,-117.230296333
974,19:44:55,19:44:52,32.703738667,-117.230296333
975,19:44:55,19:44:52,32.703738667,-117.230296333
976,19:44:55,19:44:52,32.703738667,-117.230296333
977,19:44:55,19:44:52,32.703738667,-117.230296333
978,19:44:55,19:44:52,32.703738667,-117.230296333
979,19:44:55,19:44:52,32.703738667,-117.230296333
980,19:44:55,19:44:52,32.703738667,-117.230296333
981,19:44:55,19:44:52,32.703738667,-117.230296333
982,19:44:55,19:44:52,32.703738667,-117.230296333
983,19:44:55,19:44:52,32.703738667,-117.230296333
984,19:44:55,19:44:52,32.703738667,-117.230296333
985,19:44:55,19:44:52,32.703738667,-117.230296333
986,19:44:55,19:44:52,32.703738667,-117.230296333
987,19:44:55,19:44:52,32.703738667,-117.230296333
988,19:44:55,19:44:52,32.703738667,-117.230296333
989,19:44:55,19:44:52,32.703738667,-117.230296333
990,19:44:55,19:44:52,32.703738667,-117.230296333
991,19:44:55,19:44:52,32.703738667,-117.230296333
992,19:44:55,19:44:52,32.703738667,-117.230296333
993,19:44:55,19:44:52,32.703738667,-117.230296333
994,19:44:55,19:44:52,32.703738667,-117.230296333
995,19:44:55,19:44:52,32.703738667,-117.230296333
996,19:44:55,19:44:52,32.703738667,-117.230296333
997,19:44:55,19:44:52,32.703738667,-117.230296333
998,19:44:55,19:44:52,32.703738667,-117.230296333
999,19:44:55,19:44:52,32.703738667,-117.230296333
1000,19:44:55,19:44:52,32.703738667,-117.230296333
1001,19:44:55,19:44:52,32.703738667,-117.230296333
1002,19:44:55,19:44:52,32.703738667,-117.230296333
1003,19:44:55,19:44:52,32.703738667,-117.230296333
1004,19:44:55,19:44:52,32.703738667,-117.230296333
1005,19:44:55,19:44:52,32.703738667,-117.230296333
1006,19:44:55,19:44:52,32.703738667,-117.230296333
1007,19:44:55,19:44:52,32.703738667,-117.230296333
1008,19:44:55,19:44:52,32.703738667,-117.230296333
1009,19:44:55,19:44:52,32.703738667,-117.230296333
1010,19:44:55,19:44:52,32.703738667,-117.230296333
1011,19:44:55,19:44:52,32.703738667,-117.230296333
1012,19:44:55,19:44:52,32.703738667,-117.230296333
1013,19:44:55,19:44:52,32.703738667,-117.230296333
1014,19:44:55,19:44:52,32.703738667,-117.230296333
1015,19:44:55,19:44:52,32.703738667,-117.230296333
1016,19:44:55,19:44:52,32.703738667,-117.230296333
1017,19:44:55,19:44:52,32.703738667,-117.230296333
1018,19:44:55,19:44:52,32.703738667,-117.230296333
1019,19:44:55,19:44:52,32.703738667,-117.230296333
1020,19:44:55,19:44:52,32.703738667,-117.230296333
1021,19:44:55,19:44:52,32.703738667,-117.230296333
1022,19:44:55,19:44:52,32.703738667,-117.230296333
1023,19:44:55,19:44:52,32.703738667,-117.230296333
1024,19:44:55,19:44:52,32.703738667,-117.230296333
1025,19:44:55,19:44:52,32.703738667,-117.230296333
1026,19:44:55,19:44:52,32.703738667,-117.230296333
1027,19:44:55,19:44:52,32.703738667,-117.230296333
1028,19:44:55,19:44:52,32.703738667,-117.230296333
1029,19:44:55,19:44:52,32.703738667,-117.230296333
1030,19:44:55,19:44:52,32.703738667,-117.230296333
1031,19:44:55,19:44:52,32.703738667,-117.230296333
1032,19:44:55,19:44:52,32.703738667,-117.230296333
1033,19:44:55,19:44:52,32.703738667,-117.230296333
1034,19:44:55,19:44:52,32.703738667,-117.230296333
1035,19:44:55,19:44:52,32.703738667,-117.230296333
1036,19:44:55,19:44:52,32.703738667,-117.230296333
1037,19:44:55,19:44:52,32.703738667,-117.230296333
1038,19:44:55,19:44:52,32.703738667,-117.230296333
1039,19:44:55,19:44:52,32.703738667,-117.230296333
1040,19:44:55,19:44:52,32.703738667,-117.230296333
1041,19:44:55,19:44:52,32.703738667,-117.230296333
1042,19:44:55,19:44:52,32.703738667,-117.230296333
1043,19:44:55,19:44:52,32.703738667,-117.230296333
1044,19:44:55,19:44:52,32.703738667,-117.230296333
1045,19:44:55,19:44:52,32.703738667,-117.230296333
1046,19:44:55,19:44:52,32.703738667,-117.230296333
1047,19:44:55,19:44:52,32.703738667,-117.230296333
1048,19:44:55,19:44:52,32.703738667,-117.230296333
1049,19:44:55,19:44:52,32.703738667,-117.230296333
1050,19:44:55,19:44:52,32.703738667,-117.230296333
1051,19:44:55,19:44:52,32.703738667,-117.230296333
1052,19:44:55,19:44:52,32.703738667,-117.230296333
1053,19:44:55,19:44:52,32.703738667,-117.230296333
1054,19:44:55,19:44:52,32.703738667,-117.230296333
1055,19:44:55,19:44:52,32.703738667,-117.230296333
1056,19:44:55,19:44:52,32.703738667,-117.230296333
1057,19:44:55,19:44:52,32.703738667,-117.230296333
1058,19:44:55,19:44:52,32.703738667,-117.230296333
1059,19:44:55,19:44:52,32.703738667,-117.230296333
1060,19:44:55,19:44:52,32.703738667,-117.230296333
1061,19:44:55,19:44:52,32.703738667,-117.230296333
1062,19:44:55,19:44:52,32.703738667,-117.230296333
1063,19:44:55,19:44:52,32.703738667,-117.230296333
1064,19:44:55,19:44:52,32.703738667,-117.230296333
1065,19:44:55,19:44:52,32.703738667,-117.230296333
1066,19:44:55,19:44:52,32.703738667,-117.230296333
1067,19:44:55,19:44:52,32.703738667,-117.230296333
1068,19:44:55,19:44:52,32.703738667,-117.230296333
1069,19:44:55,19:44:52,32.703738667,-117.230296333
1070,19:44:55,19:44:52,32.703738667,-117.230296333
1071,19:44:55,19:44:52,32.703738667,-117.230296333
1072,19:44:55,19:44:52,32.703738667,-117.230296333
1073,19:44:55,19:44:52,32.703738667,-117.230296333
1074,19:44:55,19:44:52,32.703738667,-117.230296333
1075,19:44:55,19:44:52,32.703738667,-117.230296333
1076,19:44:55,19:44:52,32.703738667,-117.230296333
1077,19:44:55,19:44:52,32.703738667,-117.230296333
1078,19:44:55,19:44:52,32.703738667,-117.230296333
1079,19:44:55,19:44:52,32.703738667,-117.230296333
1080,19:44:55,19:44:52,32.703738667,-117.230296333
1081,19:44:55,19:44:52,32.703738667,-117.230296333
1082,19:44:55,19:44:52,32.703738667,-117.230296333
1083,19:44:55,19:44:52,32.703738667,-117.230296333
1084,19:44:55,19:44:52,32.703738667,-117.230296333
1085,19:44:55,19:44:52,32.703738667,-117.230296333
1086,19:44:55,19:44:52,32.703738667,-117.230296333
1196,19:45:05,19:45:07,32.703413833,-117.231599667
1197,19:45:05,19:45:07,32.703413833,-117.231599667
1198,19:45:05,19:45:07,32.703413833,-117.231599667
1199,19:45:05,19:45:07,32.703413833,-117.231599667
1200,19:45:05,19:45:07,32.703413833,-117.231599667
1201,19:45:05,19:45:07,32.703413833,-117.231599667
1202,19:45:05,19:45:07,32.703413833,-117.231599667
1203,19:45:05,19:45:07,32.703413833,-117.231599667
1204,19:45:05,19:45:07,32.703413833,-117.231599667
1205,19:45:05,19:45:07,32.703413833,-117.231599667
1206,19:45:05,19:45:07,32.703413833,-117.231599667
1207,19:45:05,19:45:07,32.703413833,-117.231599667
1208,19:45:05,19:45:07,32.703413833,-117.231599667
1209,19:45:05,19:45:07,32.703413833,-117.231599667
1210,19:45:05,19:45:07,32.703413833,-117.231599667
1211,19:45:05,19:45:07,32.703413833,-117.231599667
1212,19:45:05,19:45:07,32.703413833,-117.231599667
1213,19:45:05,19:45:07,32.703413833,-117.231599667
1214,19:45:05,19:45:07,32.703413833,-117.231599667
1215,19:45:05,19:45:07,32.703413833,-117.231599667
1216,19:45:05,19:45:07,32.703413833,-117.231599667
1217,19:45:05,19:45:07,32.703413833,-117.231599667
1218,19:45:05,19:45:07,32.703413833,-117.231599667
1219,19:45:05,19:45:07,32.703413833,-117.231599667
1220,19:45:05,19:45:07,32.703413833,-117.231599667
1221,19:45:05,19:45:07,32.703413833,-117.231599667
1222,19:45:05,19:45:07,32.703413833,-117.231599667
1223,19:45:05,19:45:07,32.703413833,-117.231599667
1224,19:45:05,19:45:07,32.703413833,-117.231599667
1225,19:45:05,19:45:07,32.703413833,-117.231599667
1226,19:45:05,19:45:07,32.703413833,-117.231599667
1227,19:45:05,19:45:07,32.703413833,-117.231599667
1228,19:45:05,19:45:07,32.703413833,-117.231599667
1229,19:45:05,19:45:07,32.703413833,-117.231599667
1230,19:45:05,19:45:07,32.703413833,-117.231599667
1231,19:45:05,19:45:07,32.703413833,-117.231599667
1232,19:45:05,19:45:07,32.703413833,-117.231599667
1233,19:45:05,19:45:07,32.703413833,-117.231599667
1234,19:45:05,19:45:07,32.703413833,-117.231599667
1235,19:45:05,19:45:07,32.703413833,-117.231599667
1236,19:45:05,19:45:07,32.703413833,-117.231599667
1237,19:45:05,19:45:07,32.703413833,-117.231599667
1238,19:45:05,19:45:07,32.703413833,-117.231599667
1239,19:45:05,19:45:07,32.703413833,-117.231599667
1240,19:45:05,19:45:07,32.703413833,-117.231599667
1241,19:45:05,19:45:07,32.703413833,-117.231599667
1242,19:45:05,19:45:07,32.703413833,-117.231599667
1243,19:45:05,19:45:07,32.703413833,-117.231599667
1244,19:45:05,19:45:07,32.703413833,-117.231599667
1245,19:45:05,19:45:07,32.703413833,-117.231599667
1246,19:45:05,19:45:07,32.703413833,-117.231599667
1247,19:45:05,19:45:07,32.703413833,-117.231599667
1248,19:45:05,19:45:07,32.703413833,-117.231599667
1249,19:45:05,19:45:07,32.703413833,-117.231599667
1250,19:45:05,19:45:07,32.703413833,-117.231599667
1251,19:45:05,19:45:07,32.703413833,-117.231599667
1252,19:45:05,19:45:07,32.703413833,-117.231599667
1253,19:45:05,19:45:07,32.703413833,-117.231599667
1254,19:45:05,19:45:07,32.703413833,-117.231599667
1255,19:45:05,19:45:07,32.703413833,-117.231599667
1256,19:45:05,19:45:07,32.703413833,-117.231599667
1257,19:45:05,19:45:07,32.703413833,-117.231599667
1258,19:45:05,19:45:07,32.703413833,-117.231599667
1259,19:45:05,19:45:07,32.703413833,-117.231599667
1260,19:45:05,19:45:07,32.703413833,-117.231599667
1261,19:45:05,19:45:07,32.703413833,-117.231599667
1262,19:45:05,19:45:07,32.703413833,-117.231599667
1263,19:45:05,19:45:07,32.703413833,-117.231599667
1264,19:45:05,19:45:07,32.703413833,-117.231599667
1265,19:45:05,19:45:07,32.703413833,-117.231599667
1266,19:45:05,19:45:07,32.703413833,-117.231599667
1267,19:45:05,19:45:07,32.703413833,-117.231599667
1268,19:45:05,19:45:07,32.703413833,-117.231599667
1269,19:45:05,19:45:07,32.703413833,-117.231599667
1270,19:45:05,19:45:07,32.703413833,-117.231599667
1271,19:45:05,19:45:07,32.703413833,-117.231599667
1272,19:45:05,19:45:07,32.703413833,-117.231599667
1273,19:45:05,19:45:07,32.703413833,-117.231599667
1274,19:45:05,19:45:07,32.703413833,-117.231599667
1275,19:45:05,19:45:07,32.703413833,-117.231599667
1276,19:45:05,19:45:07,32.703413833,-117.231599667
1277,19:45:05,19:45:07,32.703413833,-117.231599667
1278,19:45:05,19:45:07,32.703413833,-117.231599667
1279,19:45:05,19:45:07,32.703413833,-117.231599667
1280,19:45:05,19:45:07,32.703413833,-117.231599667
1281,19:45:05,19:45:07,32.703413833,-117.231599667
1282,19:45:05,19:45:07,32.703413833,-117.231599667
1283,19:45:05,19:45:07,32.703413833,-117.231599667
1284,19:45:05,19:45:07,32.703413833,-117.231599667
1285,19:45:05,19:45:07,32.703413833,-117.231599667
1286,19:45:05,19:45:07,32.703413833,-117.231599667
1287,19:45:05,19:45:07,32.703413833,-117.231599667
1288,19:45:05,19:45:07,32.703413833,-117.231599667
1289,19:45:05,19:45:07,32.703413833,-117.231599667
1290,19:45:05,19:45:07,32.703413833,-117.231599667
1291,19:45:05,19:45:07,32.703413833,-117.231599667
1292,19:45:05,19:45:07,32.703413833,-117.231599667
1293,19:45:05,19:45:07,32.703413833,-117.231599667
1294,19:45:05,19:45:07,32.703413833,-117.231599667
1295,19:45:05,19:45:07,32.703413833,-117.231599667
1296,19:45:05,19:45:07,32.703413833,-117.231599667
1297,19:45:05,19:45:07,32.703413833,-117.231599667
1298,19:45:05,19:45:07,32.703413833,-117.231599667
1299,19:45:05,19:45:07,32.703413833,-117.231599667
1300,19:45:05,19:45:07,32.703413833,-117.231599667
1301,19:45:05,19:45:07,32.703413833,-117.231599667
1302,19:45:05,19:45:07,32.703413833,-117.231599667
1303,19:45:10,19:45:07,32.703413833,-117.231599667
1304,19:45:10,19:45:07,32.703413833,-117.231599667
1305,19:45:10,19:45:07,32.703413833,-117.231599667
1306,19:45:10,19:45:07,32.703413833,-117.231599667
1307,19:45:10,19:45:07,32.703413833,-117.231599667
1308,19:45:10,19:45:07,32.703413833,-117.231599667
1309,19:45:10,19:45:07,32.703413833,-117.231599667
1310,19:45:10,19:45:07,32.703413833,-117.231599667
1311,19:45:10,19:45:07,32.703413833,-117.231599667
1312,19:45:10,19:45:07,32.703413833,-117.231599667
1313,19:45:10,19:45:07,32.703413833,-117.231599667
1314,19:45:10,19:45:07,32.703413833,-117.231599667
1315,19:45:10,19:45:07,32.703413833,-117.231599667
1316,19:45:10,19:45:07,32.703413833,-117.231599667
1317,19:45:10,19:45:07,32.703413833,-117.231599667
1318,19:45:10,19:45:07,32.703413833,-117.231599667
1319,19:45:10,19:45:07,32.703413833,-117.231599667
1320,19:45:10,19:45:07,32.703413833,-117.231599667
1321,19:45:10,19:45:07,32.703413833,-117.231599667
1322,19:45:10,19:45:07,32.703413833,-117.231599667
1323,19:45:10,19:45:07,32.703413833,-117.231599667
1324,19:45:10,19:45:07,32.703413833,-117.231599667
1325,19:45:10,19:45:07,32.703413833,-117.231599667
1326,19:45:10,19:45:07,32.703413833,-117.231599667
1327,19:45:10,19:45:07,32.703413833,-117.231599667
1328,19:45:10,19:45:07,32.703413833,-117.231599667
1329,19:45:10,19:45:07,32.703413833,-117.231599667
1330,19:45:10,19:45:07,32.703413833,-117.231599667
1331,19:45:10,19:45:07,32.703413833,-117.231599667
1332,19:45:10,19:45:07,32.703413833,-117.231599667
1333,19:45:10,19:45:07,32.703413833,-117.231599667
1334,19:45:10,19:45:07,32.703413833,-117.231599667
1335,19:45:10,19:45:07,32.703413833,-117.231599667
1336,19:45:10,19:45:07,32.703413833,-117.231599667
1337,19:45:10,19:45:07,32.703413833,-117.231599667
1338,19:45:10,19:45:07,32.703413833,-117.231599667
1339,19:45:10,19:45:07,32.703413833,-117.231599667
1340,19:45:10,19:45:07,32.703413833,-117.231599667
1341,19:45:10,19:45:07,32.703413833,-117.231599667
1342,19:45:10,19:45:07,32.703413833,-117.231599667
1343,19:45:10,19:45:07,32.703413833,-117.231599667
1344,19:45:10,19:45:07,32.703413833,-117.231599667
1345,19:45:10,19:45:07,32.703413833,-117.231599667
1346,19:45:10,19:45:07,32.703413833,-117.231599667
1347,19:45:10,19:45:07,32.703413833,-117.231599667
1348,19:45:10,19:45:07,32.703413833,-117.231599667
1349,19:45:10,19:45:07,32.703413833,-117.231599667
1350,19:45:10,19:45:07,32.703413833,-117.231599667
1351,19:45:10,19:45:07,32.703413833,-117.231599667
1352,19:45:10,19:45:07,32.703413833,-117.231599667
1353,19:45:10,19:45:07,32.703413833,-117.231599667
1354,19:45:10,19:45:07,32.703413833,-117.231599667
1355,19:45:10,19:45:07,32.703413833,-117.231599667
1356,19:45:10,19:45:07,32.703413833,-117.231599667
1357,19:45:10,19:45:07,32.703413833,-117.231599667
1358,19:45:10,19:45:07,32.703413833,-117.231599667
1359,19:45:10,19:45:07,32.703413833,-117.231599667
1360,19:45:10,19:45:07,32.703413833,-117.231599667
1361,19:45:10,19:45:07,32.703413833,-117.231599667
1362,19:45:10,19:45:07,32.703413833,-117.231599667
1363,19:45:10,19:45:07,32.703413833,-117.231599667
1364,19:45:10,19:45:07,32.703413833,-117.231599667
1365,19:45:10,19:45:07,32.703413833,-117.231599667
1366,19:45:10,19:45:07,32.703413833,-117.231599667
1367,19:45:10,19:45:07,32.703413833,-117.231599667
1368,19:45:10,19:45:07,32.703413833,-117.231599667
1369,19:45:10,19:45:07,32.703413833,-117.231599667
1370,19:45:10,19:45:07,32.703413833,-117.231599667
1371,19:45:10,19:45:07,32.703413833,-117.231599667
1372,19:45:10,19:45:07,32.703413833,-117.231599667
1373,19:45:10,19:45:07,32.703413833,-117.231599667
1374,19:45:10,19:45:07,32.703413833,-117.231599667
1375,19:45:10,19:45:07,32.703413833,-117.231599667
1376,19:45:10,19:45:07,32.703413833,-117.231599667
1377,19:45:10,19:45:07,32.703413833,-117.231599667
1378,19:45:10,19:45:07,32.703413833,-117.231599667
1379,19:45:10,19:45:07,32.703413833,-117.231599667
1380,19:45:10,19:45:07,32.703413833,-117.231599667
1381,19:45:10,19:45:07,32.703413833,-117.231599667
1382,19:45:10,19:45:07,32.703413833,-117.231599667
1383,19:45:10,19:45:07,32.703413833,-117.231599667
1384,19:45:10,19:45:07,32.703413833,-117.231599667
1385,19:45:10,19:45:07,32.703413833,-117.231599667
1386,19:45:10,19:45:07,32.703413833,-117.231599667
1387,19:45:10,19:45:07,32.703413833,-117.231599667
1388,19:45:10,19:45:07,32.703413833,-117.231599667
1389,19:45:10,19:45:07,32.703413833,-117.231599667
1390,19:45:10,19:45:07,32.703413833,-117.231599667
1391,19:45:10,19:45:07,32.703413833,-117.231599667
1392,19:45:10,19:45:07,32.703413833,-117.231599667
1393,19:45:10,19:45:07,32.703413833,-117.231599667
1394,19:45:10,19:45:07,32.703413833,-117.231599667
1395,19:45:10,19:45:07,32.703413833,-117.231599667
1396,19:45:10,19:45:07,32.703413833,-117.231599667
1397,19:45:10,19:45:07,32.703413833,-117.231599667
1398,19:45:10,19:45:07,32.703413833,-117.231599667
1399,19:45:10,19:45:07,32.703413833,-117.231599667
1400,19:45:10,19:45:07,32.703413833,-117.231599667
1401,19:45:10,19:45:07,32.703413833,-117.231599667
1402,19:45:10,19:45:07,32.703413833,-117.231599667
1403,19:45:10,19:45:07,32.703413833,-117.231599667
1404,19:45:10,19:45:07,32.703413833,-117.231599667
1405,19:45:10,19:45:07,32.703413833,-117.231599667
1406,19:45:10,19:45:07,32.703413833,-117.231599667
1407,19:45:10,19:45:07,32.703413833,-117.231599667
1408,19:45:15,19:45:20,32.7031655,-117.232795
1409,19:45:15,19:45:20,32.7031655,-117.232795
1410,19:45:15,19:45:20,32.7031655,-117.232795
1411,19:45:15,19:45:20,32.7031655,-117.232795
1412,19:45:15,19:45:20,32.7031655,-117.232795
1413,19:45:15,19:45:20,32.7031655,-117.232795
1414,19:45:15,19:45:20,32.7031655,-117.232795
1415,19:45:15,19:45:20,32.7031655,-117.232795
1416,19:45:15,19:45:20,32.7031655,-117.232795
1417,19:45:15,19:45:20,32.7031655,-117.232795
1418,19:45:15,19:45:20,32.7031655,-117.232795
1419,19:45:15,19:45:20,32.7031655,-117.232795
1420,19:45:15,19:45:20,32.7031655,-117.232795
1421,19:45:15,19:45:20,32.7031655,-117.232795
1422,19:45:15,19:45:20,32.7031655,-117.232795
1423,19:45:15,19:45:20,32.7031655,-117.232795
1424,19:45:15,19:45:20,32.7031655,-117.232795
1425,19:45:15,19:45:20,32.7031655,-117.232795
1426,19:45:15,19:45:20,32.7031655,-117.232795
1427,19:45:15,19:45:20,32.7031655,-117.232795
1428,19:45:15,19:45:20,32.7031655,-117.232795
1429,19:45:15,19:45:20,32.7031655,-117.232795
1430,19:45:15,19:45:20,32.7031655,-117.232795
1431,19:45:15,19:45:20,32.7031655,-117.232795
1432,19:45:15,19:45:20,32.7031655,-117.232795
1433,19:45:15,19:45:20,32.7031655,-117.232795
1434,19:45:15,19:45:20,32.7031655,-117.232795
1435,19:45:15,19:45:20,32.7031655,-117.232795
1436,19:45:15,19:45:20,32.7031655,-117.232795
1437,19:45:15,19:45:20,32.7031655,-117.232795
1438,19:45:15,19:45:20,32.7031655,-117.232795
1439,19:45:15,19:45:20,32.7031655,-117.232795
1440,19:45:15,19:45:20,32.7031655,-117.232795
1441,19:45:15,19:45:20,32.7031655,-117.232795
1442,19:45:15,19:45:20,32.7031655,-117.232795
1443,19:45:15,19:45:20,32.7031655,-117.232795
1444,19:45:15,19:45:20,32.7031655,-117.232795
1445,19:45:15,19:45:20,32.7031655,-117.232795
1446,19:45:15,19:45:20,32.7031655,-117.232795
1447,19:45:15,19:45:20,32.7031655,-117.232795
1448,19:45:15,19:45:20,32.7031655,-117.232795
1449,19:45:15,19:45:20,32.7031655,-117.232795
1450,19:45:15,19:45:20,32.7031655,-117.232795
1451,19:45:15,19:45:20,32.7031655,-117.232795
1452,19:45:15,19:45:20,32.7031655,-117.232795
1453,19:45:15,19:45:20,32.7031655,-117.232795
1454,19:45:15,19:45:20,32.7031655,-117.232795
1455,19:45:15,19:45:20,32.7031655,-117.232795
1456,19:45:15,19:45:20,32.7031655,-117.232795
1457,19:45:15,19:45:20,32.7031655,-117.232795
1458,19:45:15,19:45:20,32.7031655,-117.232795
1459,19:45:15,19:45:20,32.7031655,-117.232795
1460,19:45:15,19:45:20,32.7031655,-117.232795
1461,19:45:15,19:45:20,32.7031655,-117.232795
1462,19:45:15,19:45:20,32.7031655,-117.232795
1463,19:45:15,19:45:20,32.7031655,-117.232795
1464,19:45:15,19:45:20,32.7031655,-117.232795
1465,19:45:15,19:45:20,32.7031655,-117.232795
1466,19:45:15,19:45:20,32.7031655,-117.232795
1467,19:45:15,19:45:20,32.7031655,-117.232795
1468,19:45:15,19:45:20,32.7031655,-117.232795
1469,19:45:15,19:45:20,32.7031655,-117.232795
1470,19:45:15,19:45:20,32.7031655,-117.232795
1471,19:45:15,19:45:20,32.7031655,-117.232795
1472,19:45:15,19:45:20,32.7031655,-117.232795
1473,19:45:15,19:45:20,32.7031655,-117.232795
1474,19:45:15,19:45:20,32.7031655,-117.232795
1475,19:45:15,19:45:20,32.7031655,-117.232795
1476,19:45:15,19:45:20,32.7031655,-117.232795
1477,19:45:15,19:45:20,32.7031655,-117.232795
1478,19:45:15,19:45:20,32.7031655,-117.232795
1479,19:45:15,19:45:20,32.7031655,-117.232795
1480,19:45:15,19:45:20,32.7031655,-117.232795
1481,19:45:15,19:45:20,32.7031655,-117.232795
1482,19:45:15,19:45:20,32.7031655,-117.232795
1483,19:45:15,19:45:20,32.7031655,-117.232795
1484,19:45:15,19:45:20,32.7031655,-117.232795
1485,19:45:15,19:45:20,32.7031655,-117.232795
1486,19:45:15,19:45:20,32.7031655,-117.232795
1487,19:45:15,19:45:20,32.7031655,-117.232795
1488,19:45:15,19:45:20,32.7031655,-117.232795
1489,19:45:15,19:45:20,32.7031655,-117.232795
1490,19:45:15,19:45:20,32.7031655,-117.232795
1491,19:45:15,19:45:20,32.7031655,-117.232795
1492,19:45:15,19:45:20,32.7031655,-117.232795
1493,19:45:15,19:45:20,32.7031655,-117.232795
1494,19:45:15,19:45:20,32.7031655,-117.232795
1495,19:45:15,19:45:20,32.7031655,-117.232795
1496,19:45:15,19:45:20,32.7031655,-117.232795
1497,19:45:15,19:45:20,32.7031655,-117.232795
1498,19:45:15,19:45:20,32.7031655,-117.232795
1499,19:45:15,19:45:20,32.7031655,-117.232795
1500,19:45:15,19:45:20,32.7031655,-117.232795
1501,19:45:15,19:45:20,32.7031655,-117.232795
1502,19:45:15,19:45:20,32.7031655,-117.232795
1503,19:45:15,19:45:20,32.7031655,-117.232795
1504,19:45:15,19:45:20,32.7031655,-117.232795
1505,19:45:15,19:45:20,32.7031655,-117.232795
1506,19:45:15,19:45:20,32.7031655,-117.232795
1507,19:45:15,19:45:20,32.7031655,-117.232795
1508,19:45:15,19:45:20,32.7031655,-117.232795
1509,19:45:15,19:45:20,32.7031655,-117.232795
1510,19:45:15,19:45:20,32.7031655,-117.232795
1511,19:45:15,19:45:20,32.7031655,-117.232795
1512,19:45:20,19:45:20,32.7031655,-117.232795
1513,19:45:20,19:45:20,32.7031655,-117.232795
1514,19:45:20,19:45:20,32.7031655,-117.232795
1515,19:45:20,19:45:20,32.7031655,-117.232795
1516,19:45:20,19:45:20,32.7031655,-117.232795
1517,19:45:20,19:45:20,32.7031655,-117.232795
1518,19:45:20,19:45:20,32.7031655,-117.232795
1519,19:45:20,19:45:20,32.7031655,-117.232795
1520,19:45:20,19:45:20,32.7031655,-117.232795
1521,19:45:20,19:45:20,32.7031655,-117.232795
1522,19:45:20,19:45:20,32.7031655,-117.232795
1523,19:45:20,19:45:20,32.7031655,-117.232795
1524,19:45:20,19:45:20,32.7031655,-117.232795
1525,19:45:20,19:45:20,32.7031655,-117.232795
1526,19:45:20,19:45:20,32.7031655,-117.232795
1527,19:45:20,19:45:20,32.7031655,-117.232795
1528,19:45:20,19:45:20,32.7031655,-117.232795
1529,19:45:20,19:45:20,32.7031655,-117.232795
1530,19:45:20,19:45:20,32.7031655,-117.232795
1531,19:45:20,19:45:20,32.7031655,-117.232795
1532,19:45:20,19:45:20,32.7031655,-117.232795
1533,19:45:20,19:45:20,32.7031655,-117.232795
1534,19:45:20,19:45:20,32.7031655,-117.232795
1535,19:45:20,19:45:20,32.7031655,-117.232795
1536,19:45:20,19:45:20,32.7031655,-117.232795
1537,19:45:20,19:45:20,32.7031655,-117.232795
1538,19:45:20,19:45:20,32.7031655,-117.232795
1539,19:45:20,19:45:20,32.7031655,-117.232795
1540,19:45:20,19:45:20,32.7031655,-117.232795
1541,19:45:20,19:45:20,32.7031655,-117.232795
1542,19:45:20,19:45:20,32.7031655,-117.232795
1543,19:45:20,19:45:20,32.7031655,-117.232795
1544,19:45:20,19:45:20,32.7031655,-117.232795
1545,19:45:20,19:45:20,32.7031655,-117.232795
1546,19:45:20,19:45:20,32.7031655,-117.232795
1547,19:45:20,19:45:20,32.7031655,-117.232795
1548,19:45:20,19:45:20,32.7031655,-117.232795
1549,19:45:20,19:45:20,32.7031655,-117.232795
1550,19:45:20,19:45:20,32.7031655,-117.232795
1551,19:45:20,19:45:20,32.7031655,-117.232795
1552,19:45:20,19:45:20,32.7031655,-117.232795
1553,19:45:20,19:45:20,32.7031655,-117.232795
1554,19:45:20,19:45:20,32.7031655,-117.232795
1555,19:45:20,19:45:20,32.7031655,-117.232795
1556,19:45:20,19:45:20,32.7031655,-117.232795
1557,19:45:20,19:45:20,32.7031655,-117.232795
1558,19:45:20,19:45:20,32.7031655,-117.232795
1559,19:45:20,19:45:20,32.7031655,-117.232795
1560,19:45:20,19:45:20,32.7031655,-117.232795
1561,19:45:20,19:45:20,32.7031655,-117.232795
1562,19:45:20,19:45:20,32.7031655,-117.232795
1563,19:45:20,19:45:20,32.7031655,-117.232795
1564,19:45:20,19:45:20,32.7031655,-117.232795
1565,19:45:20,19:45:20,32.7031655,-117.232795
1566,19:45:20,19:45:20,32.7031655,-117.232795
1567,19:45:20,19:45:20,32.7031655,-117.232795
1568,19:45:20,19:45:20,32.7031655,-117.232795
1569,19:45:20,19:45:20,32.7031655,-117.232795
1570,19:45:20,19:45:20,32.7031655,-117.232795
1571,19:45:20,19:45:20,32.7031655,-117.232795
1572,19:45:20,19:45:20,32.7031655,-117.232795
1573,19:45:20,19:45:20,32.7031655,-117.232795
1574,19:45:20,19:45:20,32.7031655,-117.232795
1575,19:45:20,19:45:20,32.7031655,-117.232795
1576,19:45:20,19:45:20,32.7031655,-117.232795
1577,19:45:20,19:45:20,32.7031655,-117.232795
1578,19:45:20,19:45:20,32.7031655,-117.232795
1579,19:45:20,19:45:20,32.7031655,-117.232795
1580,19:45:20,19:45:20,32.7031655,-117.232795
1581,19:45:20,19:45:20,32.7031655,-117.232795
1582,19:45:20,19:45:20,32.7031655,-117.232795
1583,19:45:20,19:45:20,32.7031655,-117.232795
1584,19:45:20,19:45:20,32.7031655,-117.232795
1585,19:45:20,19:45:20,32.7031655,-117.232795
1586,19:45:20,19:45:20,32.7031655,-117.232795
1587,19:45:20,19:45:20,32.7031655,-117.232795
1588,19:45:20,19:45:20,32.7031655,-117.232795
1589,19:45:20,19:45:20,32.7031655,-117.232795
1590,19:45:20,19:45:20,32.7031655,-117.232795
1591,19:45:20,19:45:20,32.7031655,-117.232795
1592,19:45:20,19:45:20,32.7031655,-117.232795
1593,19:45:20,19:45:20,32.7031655,-117.232795
1594,19:45:20,19:45:20,32.7031655,-117.232795
1595,19:45:20,19:45:20,32.7031655,-117.232795
1596,19:45:20,19:45:20,32.7031655,-117.232795
1597,19:45:20,19:45:20,32.7031655,-117.232795
1598,19:45:20,19:45:20,32.7031655,-117.232795
1599,19:45:20,19:45:20,32.7031655,-117.232795
1600,19:45:20,19:45:20,32.7031655,-117.232795
1601,19:45:20,19:45:20,32.7031655,-117.232795
1602,19:45:20,19:45:20,32.7031655,-117.232795
1603,19:45:20,19:45:20,32.7031655,-117.232795
1604,19:45:20,19:45:20,32.7031655,-117.232795
1605,19:45:20,19:45:20,32.7031655,-117.232795
1606,19:45:20,19:45:20,32.7031655,-117.232795
1607,19:45:20,19:45:20,32.7031655,-117.232795
1608,19:45:20,19:45:20,32.7031655,-117.232795
1609,19:45:20,19:45:20,32.7031655,-117.232795
1610,19:45:20,19:45:20,32.7031655,-117.232795
1611,19:45:20,19:45:20,32.7031655,-117.232795
1612,19:45:20,19:45:20,32.7031655,-117.232795
1613,19:45:20,19:45:20,32.7031655,-117.232795
1614,19:45:20,19:45:20,32.7031655,-117.232795
1615,19:45:20,19:45:20,32.7031655,-117.232795
1616,19:45:20,19:45:20,32.7031655,-117.232795
1617,19:45:20,19:45:20,32.7031655,-117.232795
1618,19:45:25,19:45:24,32.703091167,-117.233235667
1619,19:45:25,19:45:24,32.703091167,-117.233235667
1620,19:45:25,19:45:24,32.703091167,-117.233235667
1621,19:45:25,19:45:24,32.703091167,-117.233235667
1622,19:45:25,19:45:24,32.703091167,-117.233235667
1623,19:45:25,19:45:24,32.703091167,-117.233235667
1624,19:45:25,19:45:24,32.703091167,-117.233235667
1625,19:45:25,19:45:24,32.703091167,-117.233235667
1626,19:45:25,19:45:24,32.703091167,-117.233235667
1627,19:45:25,19:45:24,32.703091167,-117.233235667
1628,19:45:25,19:45:24,32.703091167,-117.233235667
1629,19:45:25,19:45:24,32.703091167,-117.233235667
1630,19:45:25,19:45:24,32.703091167,-117.233235667
1631,19:45:25,19:45:24,32.703091167,-117.233235667
1632,19:45:25,19:45:24,32.703091167,-117.233235667
1633,19:45:25,19:45:24,32.703091167,-117.233235667
1634,19:45:25,19:45:24,32.703091167,-117.233235667
1635,19:45:25,19:45:24,32.703091167,-117.233235667
1636,19:45:25,19:45:24,32.703091167,-117.233235667
1637,19:45:25,19:45:24,32.703091167,-117.233235667
1638,19:45:25,19:45:24,32.703091167,-117.233235667
1639,19:45:25,19:45:24,32.703091167,-117.233235667
1640,19:45:25,19:45:24,32.703091167,-117.233235667
1641,19:45:25,19:45:24,32.703091167,-117.233235667
1642,19:45:25,19:45:24,32.703091167,-117.233235667
1643,19:45:25,19:45:24,32.703091167,-117.233235667
1644,19:45:25,19:45:24,32.703091167,-117.233235667
1645,19:45:25,19:45:24,32.703091167,-117.233235667
1646,19:45:25,19:45:24,32.703091167,-117.233235667
1647,19:45:25,19:45:24,32.703091167,-117.233235667
1648,19:45:25,19:45:24,32.703091167,-117.233235667
1649,19:45:25,19:45:24,32.703091167,-117.233235667
1650,19:45:25,19:45:24,32.703091167,-117.233235667
1651,19:45:25,19:45:24,32.703091167,-117.233235667
1652,19:45:25,19:45:24,32.703091167,-117.233235667
1653,19:45:25,19:45:24,32.703091167,-117.233235667
1654,19:45:25,19:45:24,32.703091167,-117.233235667
1655,19:45:25,19:45:24,32.703091167,-117.233235667
1656,19:45:25,19:45:24,32.703091167,-117.233235667
1657,19:45:25,19:45:24,32.703091167,-117.233235667
1658,19:45:25,19:45:24,32.703091167,-117.233235667
1659,19:45:25,19:45:24,32.703091167,-117.233235667
1660,19:45:25,19:45:24,32.703091167,-117.233235667
1661,19:45:25,19:45:24,32.703091167,-117.233235667
1662,19:45:25,19:45:24,32.703091167,-117.233235667
1663,19:45:25,19:45:24,32.703091167,-117.233235667
1664,19:45:25,19:45:24,32.703091167,-117.233235667
1665,19:45:25,19:45:24,32.703091167,-117.233235667
1666,19:45:25,19:45:24,32.703091167,-117.233235667
1667,19:45:25,19:45:24,32.703091167,-117.233235667
1668,19:45:25,19:45:24,32.703091167,-117.233235667
1669,19:45:25,19:45:24,32.703091167,-117.233235667
1670,19:45:25,19:45:24,32.703091167,-117.233235667
1671,19:45:25,19:45:24,32.703091167,-117.233235667
1672,19:45:25,19:45:24,32.703091167,-117.233235667
1673,19:45:25,19:45:24,32.703091167,-117.233235667
1674,19:45:25,19:45:24,32.703091167,-117.233235667
1675,19:45:25,19:45:24,32.703091167,-117.233235667
1676,19:45:25,19:45:24,32.703091167,-117.233235667
1677,19:45:25,19:45:24,32.703091167,-117.233235667
1678,19:45:25,19:45:24,32.703091167,-117.233235667
1679,19:45:25,19:45:24,32.703091167,-117.233235667
1680,19:45:25,19:45:24,32.703091167,-117.233235667
1681,19:45:25,19:45:24,32.703091167,-117.233235667
1682,19:45:25,19:45:24,32.703091167,-117.233235667
1683,19:45:25,19:45:24,32.703091167,-117.233235667
1684,19:45:25,19:45:24,32.703091167,-117.233235667
1685,19:45:25,19:45:24,32.703091167,-117.233235667
1686,19:45:25,19:45:24,32.703091167,-117.233235667
1687,19:45:25,19:45:24,32.703091167,-117.233235667
1688,19:45:25,19:45:24,32.703091167,-117.233235667
1689,19:45:25,19:45:24,32.703091167,-117.233235667
1690,19:45:25,19:45:24,32.703091167,-117.233235667
1691,19:45:25,19:45:24,32.703091167,-117.233235667
1692,19:45:25,19:45:24,32.703091167,-117.233235667
1693,19:45:25,19:45:24,32.703091167,-117.233235667
1694,19:45:25,19:45:24,32.703091167,-117.233235667
1695,19:45:25,19:45:24,32.703091167,-117.233235667
1696,19:45:25,19:45:24,32.703091167,-117.233235667
1697,19:45:25,19:45:24,32.703091167,-117.233235667
1698,19:45:25,19:45:24,32.703091167,-117.233235667
1699,19:45:25,19:45:24,32.703091167,-117.233235667
1700,19:45:25,19:45:24,32.703091167,-117.233235667
1701,19:45:25,19:45:24,32.703091167,-117.233235667
1702,19:45:25,19:45:24,32.703091167,-117.233235667
1703,19:45:25,19:45:24,32.703091167,-117.233235667
1704,19:45:25,19:45:24,32.703091167,-117.233235667
1705,19:45:25,19:45:24,32.703091167,-117.233235667
1706,19:45:25,19:45:24,32.703091167,-117.233235667
1707,19:45:25,19:45:24,32.703091167,-117.233235667
1708,19:45:25,19:45:24,32.703091167,-117.233235667
1709,19:45:25,19:45:24,32.703091167,-117.233235667
1710,19:45:25,19:45:24,32.703091167,-117.233235667
1711,19:45:25,19:45:24,32.703091167,-117.233235667
1712,19:45:25,19:45:24,32.703091167,-117.233235667
1713,19:45:25,19:45:24,32.703091167,-117.233235667
1714,19:45:25,19:45:24,32.703091167,-117.233235667
1715,19:45:25,19:45:24,32.703091167,-117.233235667
1716,19:45:25,19:45:24,32.703091167,-117.233235667
1717,19:45:25,19:45:24,32.703091167,-117.233235667
1718,19:45:25,19:45:24,32.703091167,-117.233235667
1719,19:45:25,19:45:24,32.703091167,-117.233235667
1720,19:45:25,19:45:24,32.703091167,-117.233235667
1721,19:45:25,19:45:24,32.703091167,-117.233235667
1722,19:45:25,19:45:24,32.703091167,-117.233235667
1723,19:45:25,19:45:24,32.703091167,-117.233235667
1724,19:45:30,19:45:30,32.703034,-117.233487333
1725,19:45:30,19:45:30,32.703034,-117.233487333
1726,19:45:30,19:45:30,32.703034,-117.233487333
1727,19:45:30,19:45:30,32.703034,-117.233487333
1728,19:45:30,19:45:30,32.703034,-117.233487333
1729,19:45:30,19:45:30,32.703034,-117.233487333
1730,19:45:30,19:45:30,32.703034,-117.233487333
1731,19:45:30,19:45:30,32.703034,-117.233487333
1732,19:45:30,19:45:30,32.703034,-117.233487333
1733,19:45:30,19:45:30,32.703034,-117.233487333
1734,19:45:30,19:45:30,32.703034,-117.233487333
1735,19:45:30,19:45:30,32.703034,-117.233487333
1736,19:45:30,19:45:30,32.703034,-117.233487333
1737,19:45:30,19:45:30,32.703034,-117.233487333
1738,19:45:30,19:45:30,32.703034,-117.233487333
1739,19:45:30,19:45:30,32.703034,-117.233487333
1740,19:45:30,19:45:30,32.703034,-117.233487333
1741,19:45:30,19:45:30,32.703034,-117.233487333
1742,19:45:30,19:45:30,32.703034,-117.233487333
1743,19:45:30,19:45:30,32.703034,-117.233487333
1744,19:45:30,19:45:30,32.703034,-117.233487333
1745,19:45:30,19:45:30,32.703034,-117.233487333
1746,19:45:30,19:45:30,32.703034,-117.233487333
1747,19:45:30,19:45:30,32.703034,-117.233487333
1748,19:45:30,19:45:30,32.703034,-117.233487333
1749,19:45:30,19:45:30,32.703034,-117.233487333
1750,19:45:30,19:45:30,32.703034,-117.233487333
1751,19:45:30,19:45:30,32.703034,-117.233487333
1752,19:45:30,19:45:30,32.703034,-117.233487333
1753,19:45:30,19:45:30,32.703034,-117.233487333
1754,19:45:30,19:45:30,32.703034,-117.233487333
1755,19:45:30,19:45:30,32.703034,-117.233487333
1756,19:45:30,19:45:30,32.703034,-117.233487333
1757,19:45:30,19:45:30,32.703034,-117.233487333
1758,19:45:30,19:45:30,32.703034,-117.233487333
1759,19:45:30,19:45:30,32.703034,-117.233487333
1760,19:45:30,19:45:30,32.703034,-117.233487333
1761,19:45:30,19:45:30,32.703034,-117.233487333
1762,19:45:30,19:45:30,32.703034,-117.233487333
1763,19:45:30,19:45:30,32.703034,-117.233487333
1764,19:45:30,19:45:30,32.703034,-117.233487333
1765,19:45:30,19:45:30,32.703034,-117.233487333
1766,19:45:30,19:45:30,32.703034,-117.233487333
1767,19:45:30,19:45:30,32.703034,-117.233487333
1768,19:45:30,19:45:30,32.703034,-117.233487333
1769,19:45:30,19:45:30,32.703034,-117.233487333
1770,19:45:30,19:45:30,32.703034,-117.233487333
1771,19:45:30,19:45:30,32.703034,-117.233487333
1772,19:45:30,19:45:30,32.703034,-117.233487333
1773,19:45:30,19:45:30,32.703034,-117.233487333
1774,19:45:30,19:45:30,32.703034,-117.233487333
1775,19:45:30,19:45:30,32.703034,-117.233487333
1776,19:45:30,19:45:30,32.703034,-117.233487333
1777,19:45:30,19:45:30,32.703034,-117.233487333
1778,19:45:30,19:45:30,32.703034,-117.233487333
1779,19:45:30,19:45:30,32.703034,-117.233487333
1780,19:45:30,19:45:30,32.703034,-117.233487333
1781,19:45:30,19:45:30,32.703034,-117.233487333
1782,19:45:30,19:45:30,32.703034,-117.233487333
1783,19:45:30,19:45:30,32.703034,-117.233487333
1784,19:45:30,19:45:30,32.703034,-117.233487333
1785,19:45:30,19:45:30,32.703034,-117.233487333
1786,19:45:30,19:45:30,32.703034,-117.233487333
1787,19:45:30,19:45:30,32.703034,-117.233487333
1788,19:45:30,19:45:30,32.703034,-117.233487333
1789,19:45:30,19:45:30,32.703034,-117.233487333
1790,19:45:30,19:45:30,32.703034,-117.233487333
1791,19:45:30,19:45:30,32.703034,-117.233487333
1792,19:45:30,19:45:30,32.703034,-117.233487333
1793,19:45:30,19:45:30,32.703034,-117.233487333
1794,19:45:30,19:45:30,32.703034,-117.233487333
1795,19:45:30,19:45:30,32.703034,-117.233487333
1796,19:45:30,19:45:30,32.703034,-117.233487333
1797,19:45:30,19:45:30,32.703034,-117.233487333
1798,19:45:30,19:45:30,32.703034,-117.233487333
1799,19:45:30,19:45:30,32.703034,-117.233487333
1800,19:45:30,19:45:30,32.703034,-117.233487333
1801,19:45:30,19:45:30,32.703034,-117.233487333
1802,19:45:30,19:45:30,32.703034,-117.233487333
1803,19:45:30,19:45:30,32.703034,-117.233487333
1804,19:45:30,19:45:30,32.703034,-117.233487333
1805,19:45:30,19:45:30,32.703034,-117.233487333
1806,19:45:30,19:45:30,32.703034,-117.233487333
1807,19:45:30,19:45:30,32.703034,-117.233487333
1808,19:45:30,19:45:30,32.703034,-117.233487333
1809,19:45:30,19:45:30,32.703034,-117.233487333
1810,19:45:30,19:45:30,32.703034,-117.233487333
1811,19:45:30,19:45:30,32.703034,-117.233487333
1812,19:45:30,19:45:30,32.703034,-117.233487333
1813,19:45:30,19:45:30,32.703034,-117.233487333
1814,19:45:30,19:45:30,32.703034,-117.233487333
1815,19:45:30,19:45:30,32.703034,-117.233487333
1816,19:45:30,19:45:30,32.703034,-117.233487333
1817,19:45:30,19:45:30,32.703034,-117.233487333
1818,19:45:30,19:45:30,32.703034,-117.233487333
1819,19:45:30,19:45:30,32.703034,-117.233487333
1820,19:45:30,19:45:30,32.703034,-117.233487333
1821,19:45:30,19:45:30,32.703034,-117.233487333
1822,19:45:30,19:45:30,32.703034,-117.233487333
1823,19:45:30,19:45:30,32.703034,-117.233487333
1824,19:45:30,19:45:30,32.703034,-117.233487333
1825,19:45:30,19:45:30,32.703034,-117.233487333
1826,19:45:30,19:45:30,32.703034,-117.233487333
1827,19:45:30,19:45:30,32.703034,-117.233487333
1828,19:45:30,19:45:30,32.703034,-117.233487333
1829,19:45:30,19:45:30,32.703034,-117.233487333
1830,19:45:30,19:45:30,32.703034,-117.233487333
1831,19:45:30,19:45:30,32.703034,-117.233487333
1832,19:45:30,19:45:30,32.703034,-117.233487333
1833,19:45:30,19:45:30,32.703034,-117.233487333
1834,19:45:30,19:45:30,32.703034,-117.233487333
1835,19:45:30,19:45:30,32.703034,-117.233487333
1836,19:45:30,19:45:30,32.703034,-117.233487333
1837,19:45:30,19:45:30,32.703034,-117.233487333
1838,19:45:35,19:45:35,32.702993,-117.2335945
1839,19:45:35,19:45:35,32.702993,-117.2335945
1840,19:45:35,19:45:35,32.702993,-117.2335945
1841,19:45:35,19:45:35,32.702993,-117.2335945
1842,19:45:35,19:45:35,32.702993,-117.2335945
1843,19:45:35,19:45:35,32.702993,-117.2335945
1844,19:45:35,19:45:35,32.702993,-117.2335945
1845,19:45:35,19:45:35,32.702993,-117.2335945
1846,19:45:35,19:45:35,32.702993,-117.2335945
1847,19:45:35,19:45:35,32.702993,-117.2335945
1848,19:45:35,19:45:35,32.702993,-117.2335945
1849,19:45:35,19:45:35,32.702993,-117.2335945
1850,19:45:35,19:45:35,32.702993,-117.2335945
1851,19:45:35,19:45:35,32.702993,-117.2335945
1852,19:45:35,19:45:35,32.702993,-117.2335945
1853,19:45:35,19:45:35,32.702993,-117.2335945
1854,19:45:35,19:45:35,32.702993,-117.2335945
1855,19:45:35,19:45:35,32.702993,-117.2335945
1856,19:45:35,19:45:35,32.702993,-117.2335945
1857,19:45:35,19:45:35,32.702993,-117.2335945
1858,19:45:35,19:45:35,32.702993,-117.2335945
1859,19:45:35,19:45:35,32.702993,-117.2335945
1860,19:45:35,19:45:35,32.702993,-117.2335945
1861,19:45:35,19:45:35,32.702993,-117.2335945
1862,19:45:35,19:45:35,32.702993,-117.2335945
1863,19:45:35,19:45:35,32.702993,-117.2335945
1864,19:45:35,19:45:35,32.702993,-117.2335945
1865,19:45:35,19:45:35,32.702993,-117.2335945
1866,19:45:35,19:45:35,32.702993,-117.2335945
1867,19:45:35,19:45:35,32.702993,-117.2335945
1868,19:45:35,19:45:35,32.702993,-117.2335945
1869,19:45:35,19:45:35,32.702993,-117.2335945
1870,19:45:35,19:45:35,32.702993,-117.2335945
1871,19:45:35,19:45:35,32.702993,-117.2335945
1872,19:45:35,19:45:35,32.702993,-117.2335945
1873,19:45:35,19:45:35,32.702993,-117.2335945
1874,19:45:35,19:45:35,32.702993,-117.2335945
1875,19:45:35,19:45:35,32.702993,-117.2335945
1876,19:45:35,19:45:35,32.702993,-117.2335945
1877,19:45:35,19:45:35,32.702993,-117.2335945
1878,19:45:35,19:45:35,32.702993,-117.2335945
1879,19:45:35,19:45:35,32.702993,-117.2335945
1880,19:45:35,19:45:35,32.702993,-117.2335945
1881,19:45:35,19:45:35,32.702993,-117.2335945
1882,19:45:35,19:45:35,32.702993,-117.2335945
1883,19:45:35,19:45:35,32.702993,-117.2335945
1884,19:45:35,19:45:35,32.702993,-117.2335945
1885,19:45:35,19:45:35,32.702993,-117.2335945
1886,19:45:35,19:45:35,32.702993,-117.2335945
1887,19:45:35,19:45:35,32.702993,-117.2335945
1888,19:45:35,19:45:35,32.702993,-117.2335945
1889,19:45:35,19:45:35,32.702993,-117.2335945
1890,19:45:35,19:45:35,32.702993,-117.2335945
1891,19:45:35,19:45:35,32.702993,-117.2335945
1892,19:45:35,19:45:35,32.702993,-117.2335945
1893,19:45:35,19:45:35,32.702993,-117.2335945
1894,19:45:35,19:45:35,32.702993,-117.2335945
1895,19:45:35,19:45:35,32.702993,-117.2335945
1896,19:45:35,19:45:35,32.702993,-117.2335945
1897,19:45:35,19:45:35,32.702993,-117.2335945
1898,19:45:35,19:45:35,32.702993,-117.2335945
1899,19:45:35,19:45:35,32.702993,-117.2335945
1900,19:45:35,19:45:35,32.702993,-117.2335945
1901,19:45:35,19:45:35,32.702993,-117.2335945
1902,19:45:35,19:45:35,32.702993,-117.2335945
1903,19:45:35,19:45:35,32.702993,-117.2335945
1904,19:45:35,19:45:35,32.702993,-117.2335945
1905,19:45:35,19:45:35,32.702993,-117.2335945
1906,19:45:35,19:45:35,32.702993,-117.2335945
1907,19:45:35,19:45:35,32.702993,-117.2335945
1908,19:45:35,19:45:35,32.702993,-117.2335945
1909,19:45:35,19:45:35,32.702993,-117.2335945
1910,19:45:35,19:45:35,32.702993,-117.2335945
1911,19:45:35,19:45:35,32.702993,-117.2335945
1912,19:45:35,19:45:35,32.702993,-117.2335945
1913,19:45:35,19:45:35,32.702993,-117.2335945
1914,19:45:35,19:45:35,32.702993,-117.2335945
1915,19:45:35,19:45:35,32.702993,-117.2335945
1916,19:45:35,19:45:35,32.702993,-117.2335945
1917,19:45:35,19:45:35,32.702993,-117.2335945
1918,19:45:35,19:45:35,32.702993,-117.2335945
1919,19:45:35,19:45:35,32.702993,-117.2335945
1920,19:45:35,19:45:35,32.702993,-117.2335945
1921,19:45:35,19:45:35,32.702993,-117.2335945
1922,19:45:35,19:45:35,32.702993,-117.2335945
1923,19:45:35,19:45:35,32.702993,-117.2335945
1924,19:45:35,19:45:35,32.702993,-117.2335945
1925,19:45:35,19:45:35,32.702993,-117.2335945
1926,19:45:35,19:45:35,32.702993,-117.2335945
1927,19:45:35,19:45:35,32.702993,-117.2335945
1928,19:45:35,19:45:35,32.702993,-117.2335945
1929,19:45:35,19:45:35,32.702993,-117.2335945
1930,19:45:35,19:45:35,32.702993,-117.2335945
1931,19:45:35,19:45:35,32.702993,-117.2335945
1932,19:45:35,19:45:35,32.702993,-117.2335945
1933,19:45:35,19:45:35,32.702993,-117.2335945
1934,19:45:35,19:45:35,32.702993,-117.2335945
1935,19:45:35,19:45:35,32.702993,-117.2335945
1936,19:45:35,19:45:35,32.702993,-117.2335945
1937,19:45:35,19:45:35,32.702993,-117.2335945
1938,19:45:35,19:45:35,32.702993,-117.2335945
1939,19:45:35,19:45:35,32.702993,-117.2335945
1940,19:45:35,19:45:35,32.702993,-117.2335945
1941,19:45:35,19:45:35,32.702993,-117.2335945
1942,19:45:35,19:45:35,32.702993,-117.2335945
1943,19:45:35,19:45:35,32.702993,-117.2335945
1944,19:45:35,19:45:35,32.702993,-117.2335945
1945,19:45:35,19:45:35,32.702993,-117.2335945
1946,19:45:35,19:45:35,32.702993,-117.2335945
1947,19:45:35,19:45:35,32.702993,-117.2335945
1948,19:45:40,19:45:39,32.702963833,-117.233655333
1949,19:45:40,19:45:39,32.702963833,-117.233655333
1950,19:45:40,19:45:39,32.702963833,-117.233655333
1951,19:45:40,19:45:39,32.702963833,-117.233655333
1952,19:45:40,19:45:39,32.702963833,-117.233655333
1953,19:45:40,19:45:39,32.702963833,-117.233655333
1954,19:45:40,19:45:39,32.702963833,-117.233655333
1955,19:45:40,19:45:39,32.702963833,-117.233655333
1956,19:45:40,19:45:39,32.702963833,-117.233655333
1957,19:45:40,19:45:39,32.702963833,-117.233655333
1958,19:45:40,19:45:39,32.702963833,-117.233655333
1959,19:45:40,19:45:39,32.702963833,-117.233655333
1960,19:45:40,19:45:39,32.702963833,-117.233655333
1961,19:45:40,19:45:39,32.702963833,-117.233655333
1962,19:45:40,19:45:39,32.702963833,-117.233655333
1963,19:45:40,19:45:39,32.702963833,-117.233655333
1964,19:45:40,19:45:39,32.702963833,-117.233655333
1965,19:45:40,19:45:39,32.702963833,-117.233655333
1966,19:45:40,19:45:39,32.702963833,-117.233655333
1967,19:45:40,19:45:39,32.702963833,-117.233655333
1968,19:45:40,19:45:39,32.702963833,-117.233655333
1969,19:45:40,19:45:39,32.702963833,-117.233655333
1970,19:45:40,19:45:39,32.702963833,-117.233655333
1971,19:45:40,19:45:39,32.702963833,-117.233655333
1972,19:45:40,19:45:39,32.702963833,-117.233655333
1973,19:45:40,19:45:39,32.702963833,-117.233655333
1974,19:45:40,19:45:39,32.702963833,-117.233655333
1975,19:45:40,19:45:39,32.702963833,-117.233655333
1976,19:45:40,19:45:39,32.702963833,-117.233655333
1977,19:45:40,19:45:39,32.702963833,-117.233655333
1978,19:45:40,19:45:39,32.702963833,-117.233655333
1979,19:45:40,19:45:39,32.702963833,-117.233655333
1980,19:45:40,19:45:39,32.702963833,-117.233655333
1981,19:45:40,19:45:39,32.702963833,-117.233655333
1982,19:45:40,19:45:39,32.702963833,-117.233655333
1983,19:45:40,19:45:39,32.702963833,-117.233655333
1984,19:45:40,19:45:39,32.702963833,-117.233655333
1985,19:45:40,19:45:39,32.702963833,-117.233655333
1986,19:45:40,19:45:39,32.702963833,-117.233655333
1987,19:45:40,19:45:39,32.702963833,-117.233655333
1988,19:45:40,19:45:39,32.702963833,-117.233655333
1989,19:45:40,19:45:39,32.702963833,-117.233655333
1990,19:45:40,19:45:39,32.702963833,-117.233655333
1991,19:45:40,19:45:39,32.702963833,-117.233655333
1992,19:45:40,19:45:39,32.702963833,-117.233655333
1993,19:45:40,19:45:39,32.702963833,-117.233655333
1994,19:45:40,19:45:39,32.702963833,-117.233655333
1995,19:45:40,19:45:39,32.702963833,-117.233655333
1996,19:45:40,19:45:39,32.702963833,-117.233655333
1997,19:45:40,19:45:39,32.702963833,-117.233655333
1998,19:45:40,19:45:39,32.702963833,-117.233655333
1999,19:45:40,19:45:39,32.702963833,-117.233655333
2000,19:45:40,19:45:39,32.702963833,-117.233655333
2001,19:45:40,19:45:39,32.702963833,-117.233655333
2002,19:45:40,19:45:39,32.702963833,-117.233655333
2003,19:45:40,19:45:39,32.702963833,-117.233655333
2004,19:45:40,19:45:39,32.702963833,-117.233655333
2005,19:45:40,19:45:39,32.702963833,-117.233655333
2006,19:45:40,19:45:39,32.702963833,-117.233655333
2007,19:45:40,19:45:39,32.702963833,-117.233655333
2008,19:45:40,19:45:39,32.702963833,-117.233655333
2009,19:45:40,19:45:39,32.702963833,-117.233655333
2010,19:45:40,19:45:39,32.702963833,-117.233655333
2011,19:45:40,19:45:39,32.702963833,-117.233655333
2012,19:45:40,19:45:39,32.702963833,-117.233655333
2013,19:45:40,19:45:39,32.702963833,-117.233655333
2014,19:45:40,19:45:39,32.702963833,-117.233655333
2015,19:45:40,19:45:39,32.702963833,-117.233655333
2016,19:45:40,19:45:39,32.702963833,-117.233655333
2017,19:45:40,19:45:39,32.702963833,-117.233655333
2018,19:45:40,19:45:39,32.702963833,-117.233655333
2019,19:45:40,19:45:39,32.702963833,-117.233655333
2020,19:45:40,19:45:39,32.702963833,-117.233655333
2021,19:45:40,19:45:39,32.702963833,-117.233655333
2022,19:45:40,19:45:39,32.702963833,-117.233655333
2023,19:45:40,19:45:39,32.702963833,-117.233655333
2024,19:45:40,19:45:39,32.702963833,-117.233655333
2025,19:45:40,19:45:39,32.702963833,-117.233655333
2026,19:45:40,19:45:39,32.702963833,-117.233655333
2027,19:45:40,19:45:39,32.702963833,-117.233655333
2028,19:45:40,19:45:39,32.702963833,-117.233655333
2029,19:45:40,19:45:39,32.702963833,-117.233655333
2030,19:45:40,19:45:39,32.702963833,-117.233655333
2031,19:45:40,19:45:39,32.702963833,-117.233655333
2032,19:45:40,19:45:39,32.702963833,-117.233655333
2033,19:45:40,19:45:39,32.702963833,-117.233655333
2034,19:45:40,19:45:39,32.702963833,-117.233655333
2035,19:45:40,19:45:39,32.702963833,-117.233655333
2036,19:45:40,19:45:39,32.702963833,-117.233655333
2037,19:45:40,19:45:39,32.702963833,-117.233655333
2038,19:45:40,19:45:39,32.702963833,-117.233655333
2039,19:45:40,19:45:39,32.702963833,-117.233655333
2040,19:45:40,19:45:39,32.702963833,-117.233655333
2041,19:45:40,19:45:39,32.702963833,-117.233655333
2042,19:45:40,19:45:39,32.702963833,-117.233655333
2043,19:45:40,19:45:39,32.702963833,-117.233655333
2044,19:45:40,19:45:39,32.702963833,-117.233655333
2045,19:45:40,19:45:39,32.702963833,-117.233655333
2046,19:45:40,19:45:39,32.702963833,-117.233655333
2047,19:45:40,19:45:39,32.702963833,-117.233655333
2048,19:45:40,19:45:39,32.702963833,-117.233655333
2049,19:45:40,19:45:39,32.702963833,-117.233655333
2050,19:45:40,19:45:39,32.702963833,-117.233655333
2051,19:45:40,19:45:39,32.702963833,-117.233655333
2052,19:45:40,19:45:39,32.702963833,-117.233655333
2053,19:45:40,19:45:39,32.702963833,-117.233655333
2054,19:45:45,19:45:49,32.702876833,-117.233800833
2055,19:45:45,19:45:49,32.702876833,-117.233800833
2056,19:45:45,19:45:49,32.702876833,-117.233800833
2057,19:45:45,19:45:49,32.702876833,-117.233800833
2058,19:45:45,19:45:49,32.702876833,-117.233800833
2059,19:45:45,19:45:49,32.702876833,-117.233800833
2060,19:45:45,19:45:49,32.702876833,-117.233800833
2061,19:45:45,19:45:49,32.702876833,-117.233800833
2062,19:45:45,19:45:49,32.702876833,-117.233800833
2063,19:45:45,19:45:49,32.702876833,-117.233800833
2064,19:45:45,19:45:49,32.702876833,-117.233800833
2065,19:45:45,19:45:49,32.702876833,-117.233800833
2066,19:45:45,19:45:49,32.702876833,-117.233800833
2067,19:45:45,19:45:49,32.702876833,-117.233800833
2068,19:45:45,19:45:49,32.702876833,-117.233800833
2069,19:45:45,19:45:49,32.702876833,-117.233800833
2070,19:45:45,19:45:49,32.702876833,-117.233800833
2071,19:45:45,19:45:49,32.702876833,-117.233800833
2072,19:45:45,19:45:49,32.702876833,-117.233800833
2073,19:45:45,19:45:49,32.702876833,-117.233800833
2074,19:45:45,19:45:49,32.702876833,-117.233800833
2075,19:45:45,19:45:49,32.702876833,-117.233800833
2076,19:45:45,19:45:49,32.702876833,-117.233800833
2077,19:45:45,19:45:49,32.702876833,-117.233800833
2078,19:45:45,19:45:49,32.702876833,-117.233800833
2079,19:45:45,19:45:49,32.702876833,-117.233800833
2080,19:45:45,19:45:49,32.702876833,-117.233800833
2081,19:45:45,19:45:49,32.702876833,-117.233800833
2082,19:45:45,19:45:49,32.702876833,-117.233800833
2083,19:45:45,19:45:49,32.702876833,-117.233800833
2084,19:45:45,19:45:49,32.702876833,-117.233800833
2085,19:45:45,19:45:49,32.702876833,-117.233800833
2086,19:45:45,19:45:49,32.702876833,-117.233800833
2087,19:45:45,19:45:49,32.702876833,-117.233800833
2088,19:45:45,19:45:49,32.702876833,-117.233800833
2089,19:45:45,19:45:49,32.702876833,-117.233800833
2090,19:45:45,19:45:49,32.702876833,-117.233800833
2091,19:45:45,19:45:49,32.702876833,-117.233800833
2092,19:45:45,19:45:49,32.702876833,-117.233800833
2093,19:45:45,19:45:49,32.702876833,-117.233800833
2094,19:45:45,19:45:49,32.702876833,-117.233800833
2095,19:45:45,19:45:49,32.702876833,-117.233800833
2096,19:45:45,19:45:49,32.702876833,-117.233800833
2097,19:45:45,19:45:49,32.702876833,-117.233800833
2098,19:45:45,19:45:49,32.702876833,-117.233800833
2099,19:45:45,19:45:49,32.702876833,-117.233800833
2100,19:45:45,19:45:49,32.702876833,-117.233800833
2101,19:45:45,19:45:49,32.702876833,-117.233800833
2102,19:45:45,19:45:49,32.702876833,-117.233800833
2103,19:45:45,19:45:49,32.702876833,-117.233800833
2104,19:45:45,19:45:49,32.702876833,-117.233800833
2105,19:45:45,19:45:49,32.702876833,-117.233800833
2106,19:45:45,19:45:49,32.702876833,-117.233800833
2107,19:45:45,19:45:49,32.702876833,-117.233800833
2108,19:45:45,19:45:49,32.702876833,-117.233800833
2109,19:45:45,19:45:49,32.702876833,-117.233800833
2110,19:45:45,19:45:49,32.702876833,-117.233800833
2111,19:45:45,19:45:49,32.702876833,-117.233800833
2112,19:45:45,19:45:49,32.702876833,-117.233800833
2113,19:45:45,19:45:49,32.702876833,-117.233800833
2114,19:45:45,19:45:49,32.702876833,-117.233800833
2115,19:45:45,19:45:49,32.702876833,-117.233800833
2116,19:45:45,19:45:49,32.702876833,-117.233800833
2117,19:45:45,19:45:49,32.702876833,-117.233800833
2118,19:45:45,19:45:49,32.702876833,-117.233800833
2119,19:45:45,19:45:49,32.702876833,-117.233800833
2120,19:45:45,19:45:49,32.702876833,-117.233800833
2121,19:45:45,19:45:49,32.702876833,-117.233800833
2122,19:45:45,19:45:49,32.702876833,-117.233800833
2123,19:45:45,19:45:49,32.702876833,-117.233800833
2124,19:45:45,19:45:49,32.702876833,-117.233800833
2125,19:45:45,19:45:49,32.702876833,-117.233800833
2126,19:45:45,19:45:49,32.702876833,-117.233800833
2127,19:45:45,19:45:49,32.702876833,-117.233800833
2128,19:45:45,19:45:49,32.702876833,-117.233800833
2129,19:45:45,19:45:49,32.702876833,-117.233800833
2130,19:45:45,19:45:49,32.702876833,-117.233800833
2131,19:45:45,19:45:49,32.702876833,-117.233800833
2132,19:45:45,19:45:49,32.702876833,-117.233800833
2133,19:45:45,19:45:49,32.702876833,-117.233800833
2134,19:45:45,19:45:49,32.702876833,-117.233800833
2135,19:45:45,19:45:49,32.702876833,-117.233800833
2136,19:45:45,19:45:49,32.702876833,-117.233800833
2137,19:45:45,19:45:49,32.702876833,-117.233800833
2138,19:45:45,19:45:49,32.702876833,-117.233800833
2139,19:45:45,19:45:49,32.702876833,-117.233800833
2140,19:45:45,19:45:49,32.702876833,-117.233800833
2141,19:45:45,19:45:49,32.702876833,-117.233800833
2142,19:45:45,19:45:49,32.702876833,-117.233800833
2143,19:45:45,19:45:49,32.702876833,-117.233800833
2144,19:45:45,19:45:49,32.702876833,-117.233800833
2145,19:45:45,19:45:49,32.702876833,-117.233800833
2146,19:45:45,19:45:49,32.702876833,-117.233800833
2147,19:45:45,19:45:49,32.702876833,-117.233800833
2148,19:45:45,19:45:49,32.702876833,-117.233800833
2149,19:45:45,19:45:49,32.702876833,-117.233800833
2150,19:45:45,19:45:49,32.702876833,-117.233800833
2151,19:45:45,19:45:49,32.702876833,-117.233800833
2152,19:45:45,19:45:49,32.702876833,-117.233800833
2153,19:45:45,19:45:49,32.702876833,-117.233800833
2154,19:45:45,19:45:49,32.702876833,-117.233800833
2155,19:45:45,19:45:49,32.702876833,-117.233800833
2156,19:45:45,19:45:49,32.702876833,-117.233800833
2157,19:45:45,19:45:49,32.702876833,-117.233800833
2158,19:45:45,19:45:49,32.702876833,-117.233800833
2159,19:45:45,19:45:49,32.702876833,-117.233800833
2160,19:45:45,19:45:49,32.702876833,-117.233800833
2161,19:45:50,19:45:49,32.702876833,-117.233800833
2162,19:45:50,19:45:49,32.702876833,-117.233800833
2163,19:45:50,19:45:49,32.702876833,-117.233800833
2164,19:45:50,19:45:49,32.702876833,-117.233800833
2165,19:45:50,19:45:49,32.702876833,-117.233800833
2166,19:45:50,19:45:49,32.702876833,-117.233800833
2167,19:45:50,19:45:49,32.702876833,-117.233800833
2168,19:45:50,19:45:49,32.702876833,-117.233800833
2169,19:45:50,19:45:49,32.702876833,-117.233800833
2170,19:45:50,19:45:49,32.702876833,-117.233800833
2171,19:45:50,19:45:49,32.702876833,-117.233800833
2172,19:45:50,19:45:49,32.702876833,-117.233800833
2173,19:45:50,19:45:49,32.702876833,-117.233800833
2174,19:45:50,19:45:49,32.702876833,-117.233800833
2175,19:45:50,19:45:49,32.702876833,-117.233800833
2176,19:45:50,19:45:49,32.702876833,-117.233800833
2177,19:45:50,19:45:49,32.702876833,-117.233800833
2178,19:45:50,19:45:49,32.702876833,-117.233800833
2179,19:45:50,19:45:49,32.702876833,-117.233800833
2180,19:45:50,19:45:49,32.702876833,-117.233800833
2181,19:45:50,19:45:49,32.702876833,-117.233800833
2182,19:45:50,19:45:49,32.702876833,-117.233800833
2183,19:45:50,19:45:49,32.702876833,-117.233800833
2184,19:45:50,19:45:49,32.702876833,-117.233800833
2185,19:45:50,19:45:49,32.702876833,-117.233800833
2186,19:45:50,19:45:49,32.702876833,-117.233800833
2187,19:45:50,19:45:49,32.702876833,-117.233800833
2188,19:45:50,19:45:49,32.702876833,-117.233800833
2189,19:45:50,19:45:49,32.702876833,-117.233800833
2190,19:45:50,19:45:49,32.702876833,-117.233800833
2191,19:45:50,19:45:49,32.702876833,-117.233800833
2192,19:45:50,19:45:49,32.702876833,-117.233800833
2193,19:45:50,19:45:49,32.702876833,-117.233800833
2194,19:45:50,19:45:49,32.702876833,-117.233800833
2195,19:45:50,19:45:49,32.702876833,-117.233800833
2196,19:45:50,19:45:49,32.702876833,-117.233800833
2197,19:45:50,19:45:49,32.702876833,-117.233800833
2198,19:45:50,19:45:49,32.702876833,-117.233800833
2199,19:45:50,19:45:49,32.702876833,-117.233800833
2200,19:45:50,19:45:49,32.702876833,-117.233800833
2201,19:45:50,19:45:49,32.702876833,-117.233800833
2202,19:45:50,19:45:49,32.702876833,-117.233800833
2203,19:45:50,19:45:49,32.702876833,-117.233800833
2204,19:45:50,19:45:49,32.702876833,-117.233800833
2205,19:45:50,19:45:49,32.702876833,-117.233800833
2206,19:45:50,19:45:49,32.702876833,-117.233800833
2207,19:45:50,19:45:49,32.702876833,-117.233800833
2208,19:45:50,19:45:49,32.702876833,-117.233800833
2209,19:45:50,19:45:49,32.702876833,-117.233800833
2210,19:45:50,19:45:49,32.702876833,-117.233800833
2211,19:45:50,19:45:49,32.702876833,-117.233800833
2212,19:45:50,19:45:49,32.702876833,-117.233800833
2213,19:45:50,19:45:49,32.702876833,-117.233800833
2214,19:45:50,19:45:49,32.702876833,-117.233800833
2215,19:45:50,19:45:49,32.702876833,-117.233800833
2216,19:45:50,19:45:49,32.702876833,-117.233800833
2217,19:45:50,19:45:49,32.702876833,-117.233800833
2218,19:45:50,19:45:49,32.702876833,-117.233800833
2219,19:45:50,19:45:49,32.702876833,-117.233800833
2220,19:45:50,19:45:49,32.702876833,-117.233800833
2221,19:45:50,19:45:49,32.702876833,-117.233800833
2222,19:45:50,19:45:49,32.702876833,-117.233800833
2223,19:45:50,19:45:49,32.702876833,-117.233800833
2224,19:45:50,19:45:49,32.702876833,-117.233800833
2225,19:45:50,19:45:49,32.702876833,-117.233800833
2226,19:45:50,19:45:49,32.702876833,-117.233800833
2227,19:45:50,19:45:49,32.702876833,-117.233800833
2228,19:45:50,19:45:49,32.702876833,-117.233800833
2229,19:45:50,19:45:49,32.702876833,-117.233800833
2230,19:45:50,19:45:49,32.702876833,-117.233800833
2231,19:45:50,19:45:49,32.702876833,-117.233800833
2232,19:45:50,19:45:49,32.702876833,-117.233800833
2233,19:45:50,19:45:49,32.702876833,-117.233800833
2234,19:45:50,19:45:49,32.702876833,-117.233800833
2235,19:45:50,19:45:49,32.702876833,-117.233800833
2236,19:45:50,19:45:49,32.702876833,-117.233800833
2237,19:45:50,19:45:49,32.702876833,-117.233800833
2238,19:45:50,19:45:49,32.702876833,-117.233800833
2239,19:45:50,19:45:49,32.702876833,-117.233800833
2240,19:45:50,19:45:49,32.702876833,-117.233800833
2241,19:45:50,19:45:49,32.702876833,-117.233800833
2242,19:45:50,19:45:49,32.702876833,-117.233800833
2243,19:45:50,19:45:49,32.702876833,-117.233800833
2244,19:45:50,19:45:49,32.702876833,-117.233800833
2245,19:45:50,19:45:49,32.702876833,-117.233800833
2246,19:45:50,19:45:49,32.702876833,-117.233800833
2247,19:45:50,19:45:49,32.702876833,-117.233800833
2248,19:45:50,19:45:49,32.702876833,-117.233800833
2249,19:45:50,19:45:49,32.702876833,-117.233800833
2250,19:45:50,19:45:49,32.702876833,-117.233800833
2251,19:45:50,19:45:49,32.702876833,-117.233800833
2252,19:45:50,19:45:49,32.702876833,-117.233800833
2253,19:45:50,19:45:49,32.702876833,-117.233800833
2254,19:45:50,19:45:49,32.702876833,-117.233800833
2255,19:45:50,19:45:49,32.702876833,-117.233800833
2256,19:45:50,19:45:49,32.702876833,-117.233800833
2257,19:45:50,19:45:49,32.702876833,-117.233800833
2258,19:45:50,19:45:49,32.702876833,-117.233800833
2259,19:45:50,19:45:49,32.702876833,-117.233800833
2260,19:45:50,19:45:49,32.702876833,-117.233800833
2261,19:45:50,19:45:49,32.702876833,-117.233800833
2262,19:45:50,19:45:49,32.702876833,-117.233800833
2263,19:45:50,19:45:49,32.702876833,-117.233800833
2264,19:45:50,19:45:49,32.702876833,-117.233800833
2265,19:45:50,19:45:49,32.702876833,-117.233800833
2266,19:45:50,19:45:49,32.702876833,-117.233800833
2267,19:45:50,19:45:49,32.702876833,-117.233800833
2268,19:45:50,19:45:49,32.702876833,-117.233800833
2269,19:45:50,19:45:49,32.702876833,-117.233800833
2270,19:45:50,19:45:49,32.702876833,-117.233800833
2271,19:45:50,19:45:49,32.702876833,-117.233800833
2272,19:45:50,19:45:49,32.702876833,-117.233800833
2273,19:45:50,19:45:49,32.702876833,-117.233800833
2274,19:45:50,19:45:49,32.702876833,-117.233800833
2275,19:45:50,19:45:49,32.702876833,-117.233800833
2276,19:45:50,19:45:49,32.702876833,-117.233800833
2277,19:45:50,19:45:49,32.702876833,-117.233800833
2278,19:45:50,19:45:49,32.702876833,-117.233800833
2279,19:45:50,19:45:49,32.702876833,-117.233800833
2280,19:45:50,19:45:49,32.702876833,-117.233800833
2281,19:45:50,19:45:49,32.702876833,-117.233800833
2282,19:45:50,19:45:49,32.702876833,-117.233800833
2283,19:45:50,19:45:49,32.702876833,-117.233800833
2284,19:45:50,19:45:49,32.702876833,-117.233800833
2285,19:45:50,19:45:49,32.702876833,-117.233800833
2286,19:45:50,19:45:49,32.702876833,-117.233800833
2287,19:45:50,19:45:49,32.702876833,-117.233800833
2288,19:45:50,19:45:49,32.702876833,-117.233800833
2289,19:45:55,19:45:54,32.7028525,-117.233882667
2290,19:45:55,19:45:54,32.7028525,-117.233882667
2291,19:45:55,19:45:54,32.7028525,-117.233882667
2292,19:45:55,19:45:54,32.7028525,-117.233882667
2293,19:45:55,19:45:54,32.7028525,-117.233882667
2294,19:45:55,19:45:54,32.7028525,-117.233882667
2295,19:45:55,19:45:54,32.7028525,-117.233882667
2296,19:45:55,19:45:54,32.7028525,-117.233882667
2297,19:45:55,19:45:54,32.7028525,-117.233882667
2298,19:45:55,19:45:54,32.7028525,-117.233882667
2299,19:45:55,19:45:54,32.7028525,-117.233882667
2300,19:45:55,19:45:54,32.7028525,-117.233882667
2301,19:45:55,19:45:54,32.7028525,-117.233882667
2302,19:45:55,19:45:54,32.7028525,-117.233882667
2303,19:45:55,19:45:54,32.7028525,-117.233882667
2304,19:45:55,19:45:54,32.7028525,-117.233882667
2305,19:45:55,19:45:54,32.7028525,-117.233882667
2306,19:45:55,19:45:54,32.7028525,-117.233882667
2307,19:45:55,19:45:54,32.7028525,-117.233882667
2308,19:45:55,19:45:54,32.7028525,-117.233882667
2309,19:45:55,19:45:54,32.7028525,-117.233882667
2310,19:45:55,19:45:54,32.7028525,-117.233882667
2311,19:45:55,19:45:54,32.7028525,-117.233882667
2312,19:45:55,19:45:54,32.7028525,-117.233882667
2313,19:45:55,19:45:54,32.7028525,-117.233882667
2314,19:45:55,19:45:54,32.7028525,-117.233882667
2315,19:45:55,19:45:54,32.7028525,-117.233882667
2316,19:45:55,19:45:54,32.7028525,-117.233882667
2317,19:45:55,19:45:54,32.7028525,-117.233882667
2318,19:45:55,19:45:54,32.7028525,-117.233882667
2319,19:45:55,19:45:54,32.7028525,-117.233882667
2320,19:45:55,19:45:54,32.7028525,-117.233882667
2321,19:45:55,19:45:54,32.7028525,-117.233882667
2322,19:45:55,19:45:54,32.7028525,-117.233882667
2323,19:45:55,19:45:54,32.7028525,-117.233882667
2324,19:45:55,19:45:54,32.7028525,-117.233882667
2325,19:45:55,19:45:54,32.7028525,-117.233882667
2326,19:45:55,19:45:54,32.7028525,-117.233882667
2327,19:45:55,19:45:54,32.7028525,-117.233882667
2328,19:45:55,19:45:54,32.7028525,-117.233882667
2329,19:45:55,19:45:54,32.7028525,-117.233882667
2330,19:45:55,19:45:54,32.7028525,-117.233882667
2331,19:45:55,19:45:54,32.7028525,-117.233882667
2332,19:45:55,19:45:54,32.7028525,-117.233882667
2333,19:45:55,19:45:54,32.7028525,-117.233882667
2334,19:45:55,19:45:54,32.7028525,-117.233882667
2335,19:45:55,19:45:54,32.7028525,-117.233882667
2336,19:45:55,19:45:54,32.7028525,-117.233882667
2337,19:45:55,19:45:54,32.7028525,-117.233882667
2338,19:45:55,19:45:54,32.7028525,-117.233882667
2339,19:45:55,19:45:54,32.7028525,-117.233882667
2340,19:45:55,19:45:54,32.7028525,-117.233882667
2341,19:45:55,19:45:54,32.7028525,-117.233882667
2342,19:45:55,19:45:54,32.7028525,-117.233882667
2343,19:45:55,19:45:54,32.7028525,-117.233882667
2344,19:45:55,19:45:54,32.7028525,-117.233882667
2345,19:45:55,19:45:54,32.7028525,-117.233882667
2346,19:45:55,19:45:54,32.7028525,-117.233882667
2347,19:45:55,19:45:54,32.7028525,-117.233882667
2348,19:45:55,19:45:54,32.7028525,-117.233882667
2349,19:45:55,19:45:54,32.7028525,-117.233882667
2350,19:45:55,19:45:54,32.7028525,-117.233882667
2351,19:45:55,19:45:54,32.7028525,-117.233882667
2352,19:45:55,19:45:54,32.7028525,-117.233882667
2353,19:45:55,19:45:54,32.7028525,-117.233882667
2354,19:45:55,19:45:54,32.7028525,-117.233882667
2355,19:45:55,19:45:54,32.7028525,-117.233882667
2356,19:45:55,19:45:54,32.7028525,-117.233882667
2357,19:45:55,19:45:54,32.7028525,-117.233882667
2358,19:45:55,19:45:54,32.7028525,-117.233882667
2359,19:45:55,19:45:54,32.7028525,-117.233882667
2360,19:45:55,19:45:54,32.7028525,-117.233882667
2361,19:45:55,19:45:54,32.7028525,-117.233882667
2362,19:45:55,19:45:54,32.7028525,-117.233882667
2363,19:45:55,19:45:54,32.7028525,-117.233882667
2364,19:45:55,19:45:54,32.7028525,-117.233882667
2365,19:45:55,19:45:54,32.7028525,-117.233882667
2366,19:45:55,19:45:54,32.7028525,-117.233882667
2367,19:45:55,19:45:54,32.7028525,-117.233882667
2368,19:45:55,19:45:54,32.7028525,-117.233882667
2369,19:45:55,19:45:54,32.7028525,-117.233882667
2370,19:45:55,19:45:54,32.7028525,-117.233882667
2371,19:45:55,19:45:54,32.7028525,-117.233882667
2372,19:45:55,19:45:54,32.7028525,-117.233882667
2373,19:45:55,19:45:54,32.7028525,-117.233882667
2374,19:45:55,19:45:54,32.7028525,-117.233882667
2375,19:45:55,19:45:54,32.7028525,-117.233882667
2376,19:45:55,19:45:54,32.7028525,-117.233882667
2377,19:45:55,19:45:54,32.7028525,-117.233882667
2378,19:45:55,19:45:54,32.7028525,-117.233882667
2379,19:45:55,19:45:54,32.7028525,-117.233882667
2380,19:45:55,19:45:54,32.7028525,-117.233882667
2381,19:45:55,19:45:54,32.7028525,-117.233882667
2382,19:45:55,19:45:54,32.7028525,-117.233882667
2383,19:45:55,19:45:54,32.7028525,-117.233882667
2384,19:45:55,19:45:54,32.7028525,-117.233882667
2385,19:45:55,19:45:54,32.7028525,-117.233882667
2386,19:45:55,19:45:54,32.7028525,-117.233882667
2387,19:45:55,19:45:54,32.7028525,-117.233882667
2388,19:45:55,19:45:54,32.7028525,-117.233882667
2389,19:45:55,19:45:54,32.7028525,-117.233882667
2390,19:45:55,19:45:54,32.7028525,-117.233882667
2391,19:45:55,19:45:54,32.7028525,-117.233882667
2392,19:45:55,19:45:54,32.7028525,-117.233882667
2393,19:45:55,19:45:54,32.7028525,-117.233882667
2394,19:45:55,19:45:54,32.7028525,-117.233882667
2395,19:45:55,19:45:54,32.7028525,-117.233882667
2396,19:45:55,19:45:54,32.7028525,-117.233882667
2397,19:45:55,19:45:54,32.7028525,-117.233882667
2398,19:45:55,19:45:54,32.7028525,-117.233882667
2399,19:45:55,19:45:54,32.7028525,-117.233882667
2400,19:45:55,19:45:54,32.7028525,-117.233882667
2401,19:45:55,19:45:54,32.7028525,-117.233882667
2402,19:45:55,19:45:54,32.7028525,-117.233882667
2403,19:45:55,19:45:54,32.7028525,-117.233882667
2404,19:45:55,19:45:54,32.7028525,-117.233882667
2405,19:45:55,19:45:54,32.7028525,-117.233882667
2406,19:45:55,19:45:54,32.7028525,-117.233882667
2407,19:45:55,19:45:54,32.7028525,-117.233882667
2408,19:45:55,19:45:54,32.7028525,-117.233882667
2409,19:45:55,19:45:54,32.7028525,-117.233882667
2410,19:45:55,19:45:54,32.7028525,-117.233882667
2411,19:45:55,19:45:54,32.7028525,-117.233882667
2412,19:45:55,19:45:54,32.7028525,-117.233882667
2413,19:45:55,19:45:54,32.7028525,-117.233882667
2414,19:45:55,19:45:54,32.7028525,-117.233882667
2415,19:45:55,19:45:54,32.7028525,-117.233882667
2416,19:45:55,19:45:54,32.7028525,-117.233882667
2417,19:45:55,19:45:54,32.7028525,-117.233882667
2418,19:45:55,19:45:54,32.7028525,-117.233882667
2419,19:45:55,19:45:54,32.7028525,-117.233882667
2420,19:45:55,19:45:54,32.7028525,-117.233882667
